INSERT INTO genre (id, title, description, icon, created_at, updated_at) VALUES
('1ad0ef80-7a2a-43ca-b759-d5c1ff9ccacd', 'Аниме', 'Любимый жанр одного из наших менторов', '/static/genres/Аниме.png', '2023-01-15 10:00:00+00', '2024-01-15 10:00:00+00'),
('2b7cf0e1-4c9d-4825-a7f6-7a80e4328e22', 'Биографии', 'Фильмы, основанные на реальных историях из жизни известных личностей', '/static/genres/Биографии.png', '2023-01-15 10:00:00+00', '2024-01-15 10:00:00+00'),
('3c8df0a2-5d9e-4936-b8f7-8b91f5439f33', 'Боевики', 'Динамичные фильмы с обилием зрелищных событий', '/static/genres/Боевики.png', '2023-01-15 10:00:00+00', '2024-01-15 10:00:00+00'),
('4d9ef0b3-6eaf-4a47-c9f8-9ca2f654af44', 'Вестерны', 'Фильмы о Диком Западе', '/static/genres/Вестерны.png', '2023-01-15 10:00:00+00', '2024-01-15 10:00:00+00'),
('5eaf01c4-7fb0-4b58-d0f9-adb3f765bf55', 'Детективы', 'Интеллектуальные фильмы с расследованиями преступлений', '/static/genres/Детективы.png', '2023-01-15 10:00:00+00', '2024-01-15 10:00:00+00'),
('6fbf12d5-8fc1-5c69-e1ea-bec4f876cf66', 'Документальные', 'Фильмы, основанные на реальных событиях', '/static/genres/Документальные.png', '2023-01-15 10:00:00+00', '2024-01-15 10:00:00+00'),
('7acf23e6-9fd2-6d7a-f2fb-cfd5f987df77', 'Дорамы', 'Азиатские телевизионные сериалы', '/static/genres/Дорамы.png', '2023-01-15 10:00:00+00', '2024-01-15 10:00:00+00'),
('8bdf34f7-afe3-7e8b-f3fc-dfe6fa098ef8', 'Драмы', 'Фильмы, затрагивающие чувства людей', '/static/genres/Драмы.png', '2023-01-15 10:00:00+00', '2024-01-15 10:00:00+00'),
('9cef45a8-b1f4-8f9c-f4fd-efd7fb1a9ff9', 'Исторические', 'Фильмы, которые воспроизводят реальные исторические события', '/static/genres/Исторические.png', '2023-01-15 10:00:00+00', '2024-01-15 10:00:00+00'),
('adf056b9-c2f5-90ad-f5fe-ffe8fc2baff0', 'Комедии', 'Фильмы, созданные чтобы поднимать настроение', '/static/genres/Комедии.png', '2023-01-15 10:00:00+00', '2024-01-15 10:00:00+00'),
('bef167ca-d3f6-a1be-f6ff-fff9fd3cbff1', 'Короткометражки', 'Короткие, часто экспериментальные работы режиссёров', '/static/genres/Короткометражки.png', '2023-01-15 10:00:00+00', '2024-01-15 10:00:00+00'),
('cdf278db-e4f7-b2cf-f7f0-0f0afe4dc0f2', 'Криминал', 'Фильмы о преступном мире', '/static/genres/Криминальные.png', '2023-01-15 10:00:00+00', '2024-01-15 10:00:00+00'),
('def389ec-f5f8-c3d0-f8f1-1f1bff5ed1f3', 'Мелодрамы', 'Эмоциональные истории о любви', '/static/genres/Мелодрамы.png', '2023-01-15 10:00:00+00', '2024-01-15 10:00:00+00'),
('eaf49afd-f6f9-d4e1-f9f2-2f2c0f6fe2f4', 'Мистика', 'Фильмы о сверхъестественных явлениях', '/static/genres/Мистика.png', '2023-01-15 10:00:00+00', '2024-01-15 10:00:00+00'),
('fbf5ab0e-f7f0-e5f2-faf3-3f3d1f7ff3f5', 'Музыкальные', 'Фильмы, где музыка и танцы являются неотъемлемой частью повествования', '/static/genres/Музыкальные.png', '2023-01-15 10:00:00+00', '2024-01-15 10:00:00+00'),
('0ac6bc1f-f8f1-f6f3-fbf4-4f4e2f8f04f6', 'Мультфильмы', 'Анимационные фильмы для всех возрастов', '/static/genres/Мультфильмы.png', '2023-01-15 10:00:00+00', '2024-01-15 10:00:00+00'),
('1bd7cd20-f9f2-f7f4-fcf5-5f5f3f9f15f7', 'Приключения', 'Фильмы о захватывающих приключениях', '/static/genres/Приключения.png', '2023-01-15 10:00:00+00', '2024-01-15 10:00:00+00'),
('2ce8de21-faf3-f8f5-fdf6-6f6f4f0f26f8', 'Ромком', 'Идеальное сочетание любовной истории и юмора', '/static/genres/Ромкомы.png', '2023-01-15 10:00:00+00', '2024-01-15 10:00:00+00'),
('3df9ef22-fbf4-f9f6-fef7-7f7f5f1f37f9', 'Семейные', 'Фильмы для всей семьи', '/static/genres/Семейные.png', '2023-01-15 10:00:00+00', '2024-01-15 10:00:00+00'),
('4efa0f23-fcf5-faf7-fff8-8f8f6f2f48f0', 'Спортивные', 'Фильмы о спортивных историях', '/static/genres/Спортивные.png', '2023-01-15 10:00:00+00', '2024-01-15 10:00:00+00'),
('5f0b1f24-fdf6-fbf8-0ff9-9f9f7f3f59f1', 'Триллеры', 'Напряженные фильмы, держащие зрителей в напряжении до самого конца', '/static/genres/Триллеры.png', '2023-01-15 10:00:00+00', '2024-01-15 10:00:00+00'),
('6f1c2f25-fef7-fcf9-1ffa-0a0f8f4f60f2', 'Ужасы', 'Фильмы, созданные чтобы пугать', '/static/genres/Ужасы.png', '2023-01-15 10:00:00+00', '2024-01-15 10:00:00+00'),
('7f2d3f26-fff8-fdfa-2ffb-1b1f9f5f71f3', 'Фантастика', 'Фильмы о будущем и научных открытиях', '/static/genres/Фантастика.png', '2023-01-15 10:00:00+00', '2024-01-15 10:00:00+00'),
('8f3e4f27-0ff9-fefb-3ffc-2c2f0f6f82f4', 'Фэнтези', 'Волшебные миры, магия и мифические существа!', '/static/genres/Фэнтези.png', '2023-01-15 10:00:00+00', '2024-01-15 10:00:00+00');

INSERT INTO user_table (id, login, password_hash, avatar, created_at, updated_at) VALUES
('a1b2c3d4-e5f6-7890-abcd-ef1234567890', 'ivanov', '\x8d3e9f1a4b7c2d5e8d3e9f1a4b7c2d5e8d3e9f1a4b7c2d5e8d3e9f1a4b7c2d5e8d3e9f1a4b7c2d5e', '/static/users/avatar1.jpg', current_timestamp, current_timestamp);

INSERT INTO film (id, title, year, country, budget, fees, premier_date, duration, cover, created_at, updated_at) VALUES
('11111111-1111-1111-1111-111111111111', '1+1', 2011, 'Франция', 43507244, 79676250, '2011-04-07', 112, '/static/films/pic1.png', current_timestamp, current_timestamp),
('22222222-2222-2222-2222-222222222222', 'Интерстеллар', 2014, 'США', 38478055, 72437114, '2014-01-24', 149, '/static/films/pic2.jpg', current_timestamp, current_timestamp),
('33333333-3333-3333-3333-333333333333', 'Побег из Шоушенка', 1994, 'США', 34495536, 122193072, '1994-01-15', 142, '/static/films/pic3.jpg', current_timestamp, current_timestamp),
('44444444-4444-4444-4444-444444444444', 'Джентльмены', 2019, 'США', 33735515, 98773593, '2018-12-01', 113, '/static/films/pic4.jpg', current_timestamp, current_timestamp),
('55555555-5555-5555-5555-555555555555', 'Зеленая миля', 1993, 'США', 15227519, 61379410, '1993-03-26', 189, '/static/films/pic5.jpg', current_timestamp, current_timestamp),
('66666666-6666-6666-6666-666666666666', 'Остров проклятых', 2009, 'США', 39542037, 66861053, '2009-07-22', 138, '/static/films/pic6.jpg', current_timestamp, current_timestamp),
('77777777-7777-7777-7777-777777777777', 'Властелин колец: Возвращение короля', 2003, 'Новая Зеландия', 7181479, 99769757, '2003-05-15', 201, '/static/films/pic7.jpg', current_timestamp, current_timestamp),
('88888888-8888-8888-8888-888888888888', 'Форрест Гамп', 1994, 'США', 42217931, 125303883, '1994-02-25', 142, '/static/films/pic8.jpg', current_timestamp, current_timestamp),
('99999999-9999-9999-9999-999999999999', 'Терминатор 2: Судный день', 1991, 'США', 7064498, 68148168, '1991-12-28', 137, '/static/films/pic9.jpg', current_timestamp, current_timestamp),
('aaaaaaaa-aaaa-aaaa-aaaa-aaaaaaaaaaaa', 'Зеленая книга', 2018, 'США', 26493559, 81491402, '2018-11-04', 130, '/static/films/pic10.png', current_timestamp, current_timestamp),
('bbbbbbbb-bbbb-bbbb-bbbb-bbbbbbbbbbbb', 'Властелин колец: Братство кольца', 2001, 'Новая Зеландия', 21304461, 120089460, '2001-01-16', 178, '/static/films/pic11.jpg', current_timestamp, current_timestamp),
('cccccccc-cccc-cccc-cccc-cccccccccccc', 'Унесённые призраками', 2001, 'Япония', 45614172, 105636789, '2001-12-15', 124, '/static/films/pic12.jpg', current_timestamp, current_timestamp),
('dddddddd-dddd-dddd-dddd-dddddddddddd', 'Бойцовский клуб', 1999, 'США', 20068472, 101210935, '1999-05-17', 139, '/static/films/pic13.jpg', current_timestamp, current_timestamp),
('eeeeeeee-eeee-eeee-eeee-eeeeeeeeeeee', 'Гладиатор', 2000, 'США', 19630695, 112893295, '2000-04-25', 155, '/static/films/pic14.jpg', current_timestamp, current_timestamp),
('ffffffff-ffff-ffff-ffff-ffffffffffff', 'Начало', 2010, 'США', 33184440, 102399860, '2010-02-07', 148, '/static/films/pic15.jpg', current_timestamp, current_timestamp),
('11111111-1111-1111-1111-111111111112', 'Криминальное чтиво', 1994, 'США', 19143367, 104240521, '1994-06-07', 154, '/static/films/pic16.jpg', current_timestamp, current_timestamp),
('22222222-2222-2222-2222-222222222223', 'Унесённые ветром', 1993, 'США', 9656999, 75217284, '1993-12-14', 222, '/static/films/pic17.jpg', current_timestamp, current_timestamp),
('33333333-3333-3333-3333-333333333334', 'Властелин колец: Две крепости', 2002, 'Новая Зеландия', 26131034, 44216117, '2002-10-15', 179, '/static/films/pic18.png', current_timestamp, current_timestamp),
('44444444-4444-4444-4444-444444444445', 'Достучаться до небес', 1997, 'Германия', 37831403, 63489538, '1997-07-05', 87, '/static/films/pic19.jpg', current_timestamp, current_timestamp),
('55555555-5555-5555-5555-555555555556', 'Леон', 1994, 'Франция', 4424152, 61716151, '1994-07-06', 133, '/static/films/pic20.jpg', current_timestamp, current_timestamp),
('66666666-6666-6666-6666-666666666667', 'Операция «Ы» и другие приключения Шурика', 1965, 'СССР', 35956424, 53701856, '1965-06-16', 95, '/static/films/pic21.jpg', current_timestamp, current_timestamp),
('77777777-7777-7777-7777-777777777778', 'Список Шиндлера', 1993, 'США', 45840767, 143300579, '1993-07-25', 195, '/static/films/pic22.jpg', current_timestamp, current_timestamp),
('88888888-8888-8888-8888-888888888889', 'Девчата', 1961, 'СССР', 33932401, 121434403, '1961-02-21', 92, '/static/films/pic23.jpg', current_timestamp, current_timestamp),
('99999999-9999-9999-9999-99999999999a', 'Темный рыцарь', 2008, 'США', 19747386, 57047473, '2008-06-16', 152, '/static/films/pic24.png', current_timestamp, current_timestamp),
('aaaaaaaa-aaaa-aaaa-aaaa-aaaaaaaabbbb', 'Тайна Коко', 2017, 'США', 14298359, 18376774, '2017-07-24', 152, '/static/films/pic25.jpg', current_timestamp, current_timestamp),
('bbbbbbbb-bbbb-bbbb-bbbb-bbbbbbbbcccc', 'Бриллиантовая рука', 1968, 'СССР', 31958089, 59030915, '1968-10-27', 94, '/static/films/pic26.jpg', current_timestamp, current_timestamp),
('cccccccc-cccc-cccc-cccc-ccccccccdddd', 'Брат', 1997, 'Россия', 5862132, 44747335, '1997-02-25', 96, '/static/films/pic27.jpg', current_timestamp, current_timestamp),
('dddddddd-dddd-dddd-dddd-ddddddddeeee', 'Брат 2', 2000, 'Россия', 5313234, 33775743, '2000-03-27', 127, '/static/films/pic28.jpg', current_timestamp, current_timestamp),
('eeeeeeee-eeee-eeee-eeee-eeeeeeeeffff', 'Собачье сердце', 1988, 'СССР', 11606663, 18185742, '1988-06-25', 136, '/static/films/pic29.jpg', current_timestamp, current_timestamp),
('ffffffff-ffff-ffff-ffff-ffffffff0000', 'Пятый элемент', 1997, 'Франция', 47820996, 104748549, '1997-11-13', 126, '/static/films/pic30.jpg', current_timestamp, current_timestamp),
('00000000-0000-0000-0000-000000000001', 'Крестный отец', 1972, 'США', 15916046, 24035867, '1972-04-03', 175, '/static/films/pic31.png', current_timestamp, current_timestamp),
('00000000-0000-0000-0000-000000000002', 'Дангал', 2016, 'Индия', 10216025, 24069568, '2016-10-05', 161, '/static/films/pic32.png', current_timestamp, current_timestamp),
('00000000-0000-0000-0000-000000000003', 'Большой куш', 2000, 'Великобритания', 7473096, 61001935, '2000-06-22', 104, '/static/films/pic33.jpg', current_timestamp, current_timestamp),
('00000000-0000-0000-0000-000000000004', 'Шрэк', 2001, 'США', 33457701, 96128674, '2001-05-27', 90, '/static/films/pic34.png', current_timestamp, current_timestamp),
('00000000-0000-0000-0000-000000000005', 'Назад в будущее', 1985, 'США', 19241918, 56517179, '1985-04-16', 116, '/static/films/pic35.png', current_timestamp, current_timestamp),
('00000000-0000-0000-0000-000000000006', 'Дикий робот', 2024, 'США', 4468393, 49792138, '2024-04-20', 102, '/static/films/pic36.jpg', current_timestamp, current_timestamp),
('00000000-0000-0000-0000-000000000007', 'Поймай меня, если сможешь', 2002, 'США', 23223014, 55958125, '2002-03-28', 141, '/static/films/pic37.jpg', current_timestamp, current_timestamp),
('00000000-0000-0000-0000-000000000008', 'Карты, деньги, два ствола', 1998, 'Великобритания', 31963509, 55999481, '1998-02-12', 107, '/static/films/pic38.png', current_timestamp, current_timestamp),
('00000000-0000-0000-0000-000000000009', 'Хатико: Самый верный друг', 2008, 'США', 3329561, 18644558, '2008-04-13', 89, '/static/films/pic39.png', current_timestamp, current_timestamp),
('00000000-0000-0000-0000-000000000010', 'Кавказская пленница, или Новые приключения Шурика', 1966, 'СССР', 4545459, 20786957, '1966-03-05', 82, '/static/films/pic40.png', current_timestamp, current_timestamp),
('00000000-0000-0000-0000-000000000011', 'Трасса 60', 2001, 'Канада', 14962443, 83078166, '2001-12-01', 106, '/static/films/pic41.png', current_timestamp, current_timestamp),
('00000000-0000-0000-0000-000000000012', 'Титаник', 1997, 'США', 10495756, 30975570, '1997-12-14', 194, '/static/films/pic42.jpg', current_timestamp, current_timestamp),
('00000000-0000-0000-0000-000000000013', 'Матрица', 1999, 'США', 19748252, 61583239, '1999-01-01', 196, '/static/films/pic43.png', current_timestamp, current_timestamp),
('00000000-0000-0000-0000-000000000014', 'Гарри Поттер и философский камень', 2001, 'Великобритания', 37877517, 42345006, '2001-10-10', 212, '/static/films/pic44.png', current_timestamp, current_timestamp),
('00000000-0000-0000-0000-000000000015', 'В августе 44-го', 2001, 'Россия', 48242995, 58836254, '2001-07-17', 118, '/static/films/pic45.png', current_timestamp, current_timestamp),
('00000000-0000-0000-0000-000000000016', '...А зори здесь тихие', 1972, 'СССР', 24396798, 95215190, '1972-05-22', 160, '/static/films/pic46.png', current_timestamp, current_timestamp),
('00000000-0000-0000-0000-000000000017', 'Пианист', 2002, 'Франция', 16910386, 67330630, '2002-06-15', 149, '/static/films/pic47.png', current_timestamp, current_timestamp),
('00000000-0000-0000-0000-000000000018', 'Иди и смотри', 1985, 'СССР', 36331258, 132241739, '1985-12-26', 136, '/static/films/pic48.png', current_timestamp, current_timestamp),
('00000000-0000-0000-0000-000000000019', 'Джанго освобожденный', 2012, 'США', 32076835, 60775935, '2012-06-18', 165, '/static/films/pic49.png', current_timestamp, current_timestamp);

INSERT INTO film_professional (id, name, surname, is_active, created_at, updated_at) VALUES
('ffffffff-ffff-ffff-ffff-ffffffffffff', 'Леонардо', 'ДиКаприо', true, current_timestamp, current_timestamp),
('eeeeeeee-eeee-eeee-eeee-eeeeeeeeeeee', 'Ярослав', 'Михалёв', true, current_timestamp, current_timestamp);

INSERT INTO film_genre (film_id, genre_id) VALUES
('11111111-1111-1111-1111-111111111111', '8bdf34f7-afe3-7e8b-f3fc-dfe6fa098ef8'),
('22222222-2222-2222-2222-222222222222', '7f2d3f26-fff8-fdfa-2ffb-1b1f9f5f71f3'),
('33333333-3333-3333-3333-333333333333', '8bdf34f7-afe3-7e8b-f3fc-dfe6fa098ef8'), 
('44444444-4444-4444-4444-444444444444', 'cdf278db-e4f7-b2cf-f7f0-0f0afe4dc0f2'), 
('55555555-5555-5555-5555-555555555555', '8bdf34f7-afe3-7e8b-f3fc-dfe6fa098ef8'), 
('66666666-6666-6666-6666-666666666666', '5f0b1f24-fdf6-fbf8-0ff9-9f9f7f3f59f1'),
('77777777-7777-7777-7777-777777777777', '8f3e4f27-0ff9-fefb-3ffc-2c2f0f6f82f4'), 
('88888888-8888-8888-8888-888888888888', '8bdf34f7-afe3-7e8b-f3fc-dfe6fa098ef8'), 
('99999999-9999-9999-9999-999999999999', '7f2d3f26-fff8-fdfa-2ffb-1b1f9f5f71f3'),
('aaaaaaaa-aaaa-aaaa-aaaa-aaaaaaaaaaaa', 'adf056b9-c2f5-90ad-f5fe-ffe8fc2baff0'),
('bbbbbbbb-bbbb-bbbb-bbbb-bbbbbbbbbbbb', '8f3e4f27-0ff9-fefb-3ffc-2c2f0f6f82f4'), 
('cccccccc-cccc-cccc-cccc-cccccccccccc', '1ad0ef80-7a2a-43ca-b759-d5c1ff9ccacd'),
('dddddddd-dddd-dddd-dddd-dddddddddddd', '8bdf34f7-afe3-7e8b-f3fc-dfe6fa098ef8'), 
('eeeeeeee-eeee-eeee-eeee-eeeeeeeeeeee', '9cef45a8-b1f4-8f9c-f4fd-efd7fb1a9ff9'), 
('ffffffff-ffff-ffff-ffff-ffffffffffff', '7f2d3f26-fff8-fdfa-2ffb-1b1f9f5f71f3'),
('11111111-1111-1111-1111-111111111112', 'cdf278db-e4f7-b2cf-f7f0-0f0afe4dc0f2'), 
('22222222-2222-2222-2222-222222222223', 'def389ec-f5f8-c3d0-f8f1-1f1bff5ed1f3'),
('33333333-3333-3333-3333-333333333334', '8f3e4f27-0ff9-fefb-3ffc-2c2f0f6f82f4'),
('44444444-4444-4444-4444-444444444445', '8bdf34f7-afe3-7e8b-f3fc-dfe6fa098ef8'), 
('55555555-5555-5555-5555-555555555556', '3c8df0a2-5d9e-4936-b8f7-8b91f5439f33'), 
('66666666-6666-6666-6666-666666666667', 'adf056b9-c2f5-90ad-f5fe-ffe8fc2baff0'),
('77777777-7777-7777-7777-777777777778', '8bdf34f7-afe3-7e8b-f3fc-dfe6fa098ef8'),
('88888888-8888-8888-8888-888888888889', 'adf056b9-c2f5-90ad-f5fe-ffe8fc2baff0'),
('99999999-9999-9999-9999-99999999999a', '3c8df0a2-5d9e-4936-b8f7-8b91f5439f33'),
('aaaaaaaa-aaaa-aaaa-aaaa-aaaaaaaabbbb', '0ac6bc1f-f8f1-f6f3-fbf4-4f4e2f8f04f6'),
('bbbbbbbb-bbbb-bbbb-bbbb-bbbbbbbbcccc', 'adf056b9-c2f5-90ad-f5fe-ffe8fc2baff0'), 
('cccccccc-cccc-cccc-cccc-ccccccccdddd', '8bdf34f7-afe3-7e8b-f3fc-dfe6fa098ef8'),
('dddddddd-dddd-dddd-dddd-ddddddddeeee', '8bdf34f7-afe3-7e8b-f3fc-dfe6fa098ef8'),
('eeeeeeee-eeee-eeee-eeee-eeeeeeeeffff', '7f2d3f26-fff8-fdfa-2ffb-1b1f9f5f71f3'), 
('ffffffff-ffff-ffff-ffff-ffffffff0000', '7f2d3f26-fff8-fdfa-2ffb-1b1f9f5f71f3'), 
('00000000-0000-0000-0000-000000000001', '8bdf34f7-afe3-7e8b-f3fc-dfe6fa098ef8'),
('00000000-0000-0000-0000-000000000002', '4efa0f23-fcf5-faf7-fff8-8f8f6f2f48f0'),
('00000000-0000-0000-0000-000000000003', 'cdf278db-e4f7-b2cf-f7f0-0f0afe4dc0f2'), 
('00000000-0000-0000-0000-000000000004', '0ac6bc1f-f8f1-f6f3-fbf4-4f4e2f8f04f6'),
('00000000-0000-0000-0000-000000000005', '7f2d3f26-fff8-fdfa-2ffb-1b1f9f5f71f3'), 
('00000000-0000-0000-0000-000000000006', '0ac6bc1f-f8f1-f6f3-fbf4-4f4e2f8f04f6'),
('00000000-0000-0000-0000-000000000007', 'cdf278db-e4f7-b2cf-f7f0-0f0afe4dc0f2'), 
('00000000-0000-0000-0000-000000000008', 'cdf278db-e4f7-b2cf-f7f0-0f0afe4dc0f2'), 
('00000000-0000-0000-0000-000000000009', '8bdf34f7-afe3-7e8b-f3fc-dfe6fa098ef8'), 
('00000000-0000-0000-0000-000000000010', 'adf056b9-c2f5-90ad-f5fe-ffe8fc2baff0'), 
('00000000-0000-0000-0000-000000000011', '1bd7cd20-f9f2-f7f4-fcf5-5f5f3f9f15f7'),
('00000000-0000-0000-0000-000000000012', 'def389ec-f5f8-c3d0-f8f1-1f1bff5ed1f3'), 
('00000000-0000-0000-0000-000000000013', '7f2d3f26-fff8-fdfa-2ffb-1b1f9f5f71f3'),
('00000000-0000-0000-0000-000000000014', '8f3e4f27-0ff9-fefb-3ffc-2c2f0f6f82f4'), 
('00000000-0000-0000-0000-000000000015', '9cef45a8-b1f4-8f9c-f4fd-efd7fb1a9ff9'), 
('00000000-0000-0000-0000-000000000016', '9cef45a8-b1f4-8f9c-f4fd-efd7fb1a9ff9'),
('00000000-0000-0000-0000-000000000017', '8bdf34f7-afe3-7e8b-f3fc-dfe6fa098ef8'), 
('00000000-0000-0000-0000-000000000018', '9cef45a8-b1f4-8f9c-f4fd-efd7fb1a9ff9'), 
('00000000-0000-0000-0000-000000000019', '4d9ef0b3-6eaf-4a47-c9f8-9ca2f654af44'); 

INSERT INTO user_saved_film (user_id, film_id) VALUES
('a1b2c3d4-e5f6-7890-abcd-ef1234567890', '22222222-2222-2222-2222-222222222222');

INSERT INTO user_favorite_genre (user_id, genre_id) VALUES
('a1b2c3d4-e5f6-7890-abcd-ef1234567890', '7f2d3f26-fff8-fdfa-2ffb-1b1f9f5f71f3'), 
('a1b2c3d4-e5f6-7890-abcd-ef1234567890', '8bdf34f7-afe3-7e8b-f3fc-dfe6fa098ef8'); 

INSERT INTO user_favorite_actor (user_id, professional_id) VALUES
('a1b2c3d4-e5f6-7890-abcd-ef1234567890', 'ffffffff-ffff-ffff-ffff-ffffffffffff'), 

('a1b2c3d4-e5f6-7890-abcd-ef1234567890', 'eeeeeeee-eeee-eeee-eeee-eeeeeeeeeeee'); 

