INSERT INTO country (id, name) VALUES
('a0eebc77-7c0b-4ef6-bb6d-6bb9bd360a11', 'Франция'),
('a0eebc77-7c0b-4ef6-bb6d-6bb9bd360a12', 'США'),
('a0eebc77-7c0b-4ef6-bb6d-6bb9bd360a13', 'Новая Зеландия'),
('a0eebc77-7c0b-4ef6-bb6d-6bb9bd360a14', 'Германия'),
('a0eebc77-7c0b-4ef6-bb6d-6bb9bd360a15', 'Япония'),
('a0eebc77-7c0b-4ef6-bb6d-6bb9bd360a16', 'СССР'),
('a0eebc77-7c0b-4ef6-bb6d-6bb9bd360a17', 'Россия'),
('a0eebc77-7c0b-4ef6-bb6d-6bb9bd360a18', 'Великобритания'),
('a0eebc77-7c0b-4ef6-bb6d-6bb9bd360a19', 'Индия'),
('a0eebc77-7c0b-4ef6-bb6d-6bb9bd360a20', 'Канада');

INSERT INTO genre (id, title, description, icon) VALUES
('1ad0ef80-7a2a-43ca-b759-d5c1ff9ccacd', 'Аниме', 'Любимый жанр одного из наших менторов', 'genres/pic1.svg'),
('2b7cf0e1-4c9d-4825-a7f6-7a80e4328e22', 'Биографии', 'Фильмы, основанные на реальных историях из жизни известных людей', 'genres/pic2.svg'),
('3c8df0a2-5d9e-4936-b8f7-8b91f5439f33', 'Боевики', 'Динамичные фильмы с обилием зрелищных событий', 'genres/pic3.svg'),
('4d9ef0b3-6eaf-4a47-c9f8-9ca2f654af44', 'Вестерны', 'Фильмы о Диком Западе', 'genres/pic4.svg'),
('5eaf01c4-7fb0-4b58-d0f9-adb3f765bf55', 'Детективы', 'Интеллектуальные фильмы с расследованиями преступлений', 'genres/pic5.svg'),
('6fbf12d5-8fc1-5c69-e1ea-bec4f876cf66', 'Документальные', 'Фильмы, основанные на реальных событиях', 'genres/pic6.svg'),
('7acf23e6-9fd2-6d7a-f2fb-cfd5f987df77', 'Дорамы', 'Азиатские телевизионные сериалы', 'genres/pic7.svg'),
('8bdf34f7-afe3-7e8b-f3fc-dfe6fa098ef8', 'Драмы', 'Фильмы, затрагивающие чувства людей', 'genres/pic8.svg'),
('9cef45a8-b1f4-8f9c-f4fd-efd7fb1a9ff9', 'Исторические', 'Фильмы, которые воспроизводят реальные исторические события', 'genres/pic9.svg'),
('adf056b9-c2f5-90ad-f5fe-ffe8fc2baff0', 'Комедии', 'Фильмы, созданные чтобы поднимать настроение', 'genres/pic10.svg'),
('bef167ca-d3f6-a1be-f6ff-fff9fd3cbff1', 'Короткометражки', 'Короткие, часто экспериментальные работы режиссёров', 'genres/pic11.svg'),
('cdf278db-e4f7-b2cf-f7f0-0f0afe4dc0f2', 'Криминал', 'Фильмы о преступном мире', 'genres/pic12.svg'),
('def389ec-f5f8-c3d0-f8f1-1f1bff5ed1f3', 'Мелодрамы', 'Эмоциональные истории о любви', 'genres/pic13.svg'),
('eaf49afd-f6f9-d4e1-f9f2-2f2c0f6fe2f4', 'Мистика', 'Фильмы о сверхъестественных явлениях', 'genres/pic14.svg'),
('fbf5ab0e-f7f0-e5f2-faf3-3f3d1f7ff3f5', 'Музыкальные', 'Фильмы, где музыка и танцы являются неотъемлемой частью повествования', 'genres/pic15.svg'),
('0ac6bc1f-f8f1-f6f3-fbf4-4f4e2f8f04f6', 'Мультфильмы', 'Анимационные фильмы для всех возрастов', 'genres/pic16.svg'),
('1bd7cd20-f9f2-f7f4-fcf5-5f5f3f9f15f7', 'Приключения', 'Фильмы о захватывающих приключениях', 'genres/pic17.svg'),
('2ce8de21-faf3-f8f5-fdf6-6f6f4f0f26f8', 'Ромком', 'Идеальное сочетание любовной истории и юмора', 'genres/pic18.svg'),
('3df9ef22-fbf4-f9f6-fef7-7f7f5f1f37f9', 'Семейные', 'Фильмы для всей семьи', 'genres/pic19.svg'),
('4efa0f23-fcf5-faf7-fff8-8f8f6f2f48f0', 'Спортивные', 'Фильмы о спортивных историях', 'genres/pic20.svg'),
('5f0b1f24-fdf6-fbf8-0ff9-9f9f7f3f59f1', 'Триллеры', 'Напряженные фильмы, держащие зрителей в напряжении до самого конца', 'genres/pic21.svg'),
('6f1c2f25-fef7-fcf9-1ffa-0a0f8f4f60f2', 'Ужасы', 'Фильмы, созданные чтобы пугать', 'genres/pic22.svg'),
('7f2d3f26-fff8-fdfa-2ffb-1b1f9f5f71f3', 'Фантастика', 'Фильмы о будущем и научных открытиях', 'genres/pic23.svg'),
('8f3e4f27-0ff9-fefb-3ffc-2c2f0f6f82f4', 'Фэнтези', 'Волшебные миры, магия и мифические существа!', 'genres/pic24.svg');


INSERT INTO film (id, title, original_title, cover, poster, short_description, description, age_category, budget, worldwide_fees, year, country_id, genre_id, slogan, duration, image1, image2, image3) VALUES
('f47ac10b-58cc-0372-8567-0e02b2c3d479', '1+1', 'Intouchables', 'films/pic1.png', 'posters/pic1.jpg', 'Пострадавший в результате несчастного случая аристократ нанимает в помощники человека из неблагополучного района.', 'Богатый аристократ Филипп стал инвалидом после несчастного случая и ищет себе помощника. Им становится Дрисс — молодой парень из неблагополучной семьи. Несмотря на разное происхождение и взгляды на жизнь, они находят общий язык и становятся друзьями.', '16+', 43507244, 79676250, 2011, 'a0eebc77-7c0b-4ef6-bb6d-6bb9bd360a11', '8bdf34f7-afe3-7e8b-f3fc-dfe6fa098ef8', 'Sometimes you have to reach into someone else''s world to find out what''s missing in your own.', 112, 'gallery/pic1-1.jpg', 'gallery/pic1-2.jpg', 'gallery/pic1-3.jpg'),                     
('6ba7b810-9dad-11d1-80b4-00c04fd430c8', 'Интерстеллар', 'Interstellar', 'films/pic2.png', 'posters/pic2.jpg', 'Группа исследователей использует новооткрытый пространственно-временной тоннель для путешествий по космосу.', 'Когда засуха приводит человечество к продовольственному кризису, коллектив исследователей и учёных отправляется сквозь червоточину в путешествие, чтобы превзойти прежние ограничения для космических путешествий человека и найти планету с подходящими для человечества условиями.', '12+', 165000000, 701729000, 2014, 'a0eebc77-7c0b-4ef6-bb6d-6bb9bd360a12', '7f2d3f26-fff8-fdfa-2ffb-1b1f9f5f71f3', 'Mankind was born on Earth. It was never meant to die here.', 169, 'gallery/pic2-1.jpg', 'gallery/pic2-2.jpg', 'gallery/pic2-3.jpg'),
('550e8400-e29b-41d4-a716-446655440000', 'Побег из Шоушенка', 'The Shawshank Redemption', 'films/pic3.png', 'posters/pic3.jpg', 'Бухгалтер Энди Дюфрейн оказывается в тюрьме Шоушенк за убийство жены и её любовника, которого не совершал.', 'Невиновный банкир Энди Дюфрейн приговорен к пожизненному заключению в тюрьме Шоушенк. Столкнувшись с жестокостью и несправедливостью тюремной системы, он находит необычный способ выжить и сохранить надежду.', '16+', 25000000, 58300000, 1994, 'a0eebc77-7c0b-4ef6-bb6d-6bb9bd360a12', '8bdf34f7-afe3-7e8b-f3fc-dfe6fa098ef8', 'Fear can hold you prisoner. Hope can set you free.', 142, 'gallery/pic3-1.jpg', 'gallery/pic3-2.jpg', 'gallery/pic3-3.jpg'),
('67e55044-10b1-426f-9247-bb680e5fe0c8', 'Джентльмены', 'The Gentlemen', 'films/pic4.png', 'posters/pic4.jpg', 'Американский наркобарон пытается продать свой прибыльный бизнес в Англии.', 'Микки Пирсон построил империю по производству марихуаны в Великобритании. Решив уйти на покой, он пытается продать бизнес, но сталкивается с интригами, предательством и заговорами.', '18+', 22000000, 115000000, 2019, 'a0eebc77-7c0b-4ef6-bb6d-6bb9bd360a12', 'cdf278db-e4f7-b2cf-f7f0-0f0afe4dc0f2', 'Criminal. Class.', 113, 'gallery/pic4-1.jpg', 'gallery/pic4-2.jpg', 'gallery/pic4-3.jpg'),
('c9bf9e57-1685-4c89-bafb-ff5af830be8a', 'Зеленая миля', 'The Green Mile', 'films/pic5.png', 'posters/pic5.jpg', 'Надзиратель тюрьмы узнает, что один из заключенных обладает сверхъестественными способностями.', 'Пол Эджкомб — начальник блока смертников в тюрьме «Холодная гора». Он знакомится с Джоном Коффи — огромным чернокожим мужчиной, осужденным за убийство двух девочек. Но вскоре Пол понимает, что Джон обладает даром исцеления.', '16+', 60000000, 286000000, 1999, 'a0eebc77-7c0b-4ef6-bb6d-6bb9bd360a12', '8bdf34f7-afe3-7e8b-f3fc-dfe6fa098ef8', 'Miracles do happen.', 189, 'gallery/pic5-1.jpg', 'gallery/pic5-2.jpg', 'gallery/pic5-3.jpg'),
('a3bb189e-8bf9-3888-9912-6c2d5c7c5b9a', 'Остров проклятых', 'Shutter Island', 'films/pic6.png', 'posters/pic6.jpg', 'Следователь отправляется в психиатрическую лечебницу на острове для расследования исчезновения пациентки.', 'Два американских судебных пристава отправляются на один из островов в штате Массачусетс, чтобы расследовать исчезновение пациентки клиники для умалишенных преступников. При проведении расследования им придется столкнуться с паутиной лжи и тайн.', '16+', 80000000, 294000000, 2010, 'a0eebc77-7c0b-4ef6-bb6d-6bb9bd360a12', '5f0b1f24-fdf6-fbf8-0ff9-9f9f7f3f59f1', 'Some places never let you go.', 138, 'gallery/pic6-1.jpg', 'gallery/pic6-2.jpg', 'gallery/pic6-3.jpg'),
('1b9d6bcd-bbfd-4b2d-9b5d-ab8dfbbd4bed', 'Властелин колец: Возвращение короля', 'The Lord of the Rings: The Return of the King', 'films/pic7.png', 'posters/pic7.jpg', 'Фродо и Сэм приближаются к Роковой горе, чтобы уничтожить Кольцо Всевластия.', 'Последняя часть трилогии о Кольце Всевластия. Фродо и Сэм продолжают свой опасный путь к Роковой горе, в то время как Арагорн ведет армии Запада в решающую битву у Врат Мордора.', '12+', 94000000, 1140000000, 2003, 'a0eebc77-7c0b-4ef6-bb6d-6bb9bd360a13', '8f3e4f27-0ff9-fefb-3ffc-2c2f0f6f82f4', 'The journey ends.', 201, 'gallery/pic7-1.jpg', 'gallery/pic7-2.jpg', 'gallery/pic7-3.jpg'),
('9f4e7a7c-8c5a-4e5a-9f3e-6e8a9b9c8d7e', 'Форрест Гамп', 'Forrest Gump', 'films/pic8.png', 'posters/pic8.jpg', 'Человек с низким IQ становится свидетелем ключевых событий американской истории.', 'Отсталый в умственном развитии, но добрый и открытый парень по имени Форрест Гамп становится невольным участником важнейших событий в истории США 20-го века.', '12+', 55000000, 678000000, 1994, 'a0eebc77-7c0b-4ef6-bb6d-6bb9bd360a12', '8bdf34f7-afe3-7e8b-f3fc-dfe6fa098ef8', 'The world will never be the same once you''ve seen it through the eyes of Forrest Gump.', 142, 'gallery/pic8-1.jpg', 'gallery/pic8-2.jpg', 'gallery/pic8-3.jpg'),
('3f7a5c2e-1e4a-4c8e-9e2a-7b8c9d0e1f2a', 'Терминатор 2: Судный день', 'Terminator 2: Judgment Day', 'films/pic9.png', 'posters/pic9.jpg', 'Терминатор должен защитить молодого Джона Коннора от более совершенного киборга.', 'Прошло более десяти лет с тех пор, как киборг-терминатор из 2029 года пытался уничтожить Сару Коннор. Теперь у Сары родился сын, Джон, и именно ему суждено стать лидером сопротивления.', '16+', 102000000, 520000000, 1991, 'a0eebc77-7c0b-4ef6-bb6d-6bb9bd360a12', '7f2d3f26-fff8-fdfa-2ffb-1b1f9f5f71f3', 'It''s nothing personal.', 137, 'gallery/pic9-1.jpg', 'gallery/pic9-2.jpg', 'gallery/pic9-3.jpg'),
('8e7c5a2b-4e1a-9c8e-2a7b-1c8d9e0f2a3b', 'Зеленая книга', 'Green Book', 'films/pic10.png', 'posters/pic10.jpg', 'Вышибала итальянского происхождения становится водителем афроамериканского пианиста.', '1960-е годы. Вышибала Тони Валлелонга получает работу водителя у чернокожего пианиста Дона Ширли, отправляющегося в турне по южным штатам Америки.', '16+', 23000000, 321000000, 2018, 'a0eebc77-7c0b-4ef6-bb6d-6bb9bd360a12', '2b7cf0e1-4c9d-4825-a7f6-7a80e4328e22', 'Inspired by a true friendship.', 130, 'gallery/pic10-1.jpg', 'gallery/pic10-2.jpg', 'gallery/pic10-3.jpg'),
('5d4c3b2a-1e9f-8c7e-6a5b-4c3d2e1f0a9b', 'Властелин колец: Братство кольца', 'The Lord of the Rings: The Fellowship of the Ring', 'films/pic11.png', 'posters/pic11.jpg', 'Молодой хоббит Фродо получает Кольцо Всевластия и отправляется в путешествие к Роковой горе.', 'Хоббит Фродо Бэггинс получает от своего дяди волшебное кольцо, которое оказывается Кольцом Всевластия. Чтобы уничтожить его, он отправляется в опасное путешествие к Роковой горе.', '12+', 93000000, 888000000, 2001, 'a0eebc77-7c0b-4ef6-bb6d-6bb9bd360a13', '7f2d3f26-fff8-fdfa-2ffb-1b1f9f5f71f3', 'One ring to rule them all.', 178, 'gallery/pic11-1.jpg', 'gallery/pic11-2.jpg', 'gallery/pic11-3.jpg'),
('2b3c4d5e-6f7a-8b9c-0d1e-2f3a4b5c6d7e', 'Унесённые призраками', 'Spirited Away', 'films/pic12.png', 'posters/pic12.jpg', 'Девочка попадает в мир духов и должна спасти своих родителей.', '10-летняя Тихиро вместе с родителями переезжает в новый дом. Заблудившись по дороге, они оказываются в странном пустынном городе, где её родителей ждёт страшное проклятие.', '6+', 19000000, 355000000, 2001, 'a0eebc77-7c0b-4ef6-bb6d-6bb9bd360a15', '1ad0ef80-7a2a-43ca-b759-d5c1ff9ccacd', 'The tunnel led Chihiro to a mysterious town.', 125, 'gallery/pic12-1.jpg', 'gallery/pic12-2.jpg', 'gallery/pic12-3.jpg'),
('9a8b7c6d-5e4f-3a2b-1c0d-9e8f7a6b5c4d', 'Бойцовский клуб', 'Fight Club', 'films/pic13.png', 'posters/pic13.jpg', 'Страдающий бессонницей офисный работник создает подпольный бойцовский клуб.', 'Страдающий от бессонницы сотрудник страховой компании встречает загадочного торговца мылом Тайлера Дёрдена, и они вместе создают подпольный бойцовский клуб.', '18+', 63000000, 101000000, 1999, 'a0eebc77-7c0b-4ef6-bb6d-6bb9bd360a12', '5f0b1f24-fdf6-fbf8-0ff9-9f9f7f3f59f1', 'Mischief. Mayhem. Soap.', 139, 'gallery/pic13-1.jpg', 'gallery/pic13-2.jpg', 'gallery/pic13-3.jpg'),
('4d5c6b7a-8e9f-0a1b-2c3d-4e5f6a7b8c9d', 'Гладиатор', 'Gladiator', 'films/pic14.png', 'posters/pic14.jpg', 'Римский генерал становится гладиатором, чтобы отомстить за убийство семьи.', 'Генерал Максимус, верный слуга императора Марка Аврелия, оказывается преданным его сыном Коммодом. Потеряв семью и свободу, он становится гладиатором и стремится к мести.', '16+', 103000000, 460000000, 2000, 'a0eebc77-7c0b-4ef6-bb6d-6bb9bd360a12', '9cef45a8-b1f4-8f9c-f4fd-efd7fb1a9ff9', 'A hero will rise.', 155, 'gallery/pic14-1.jpg', 'gallery/pic14-2.jpg', 'gallery/pic14-3.jpg'),
('1a2b3c4d-5e6f-7a8b-9c0d-1e2f3a4b5c6d', 'Начало', 'Inception', 'films/pic15.png', 'posters/pic15.jpg', 'Вор, специализирующийся на краже идей из снов, получает задание внедрить идею в подсознание.', 'Дом Кобб — талантливый вор, лучший из лучших в опасном искусстве извлечения: он крадет ценные секреты из глубин подсознания во время сна.', '12+', 160000000, 836000000, 2010, 'a0eebc77-7c0b-4ef6-bb6d-6bb9bd360a12', '7f2d3f26-fff8-fdfa-2ffb-1b1f9f5f71f3', 'Your mind is the scene of the crime.', 148, 'gallery/pic15-1.jpg', 'gallery/pic15-2.jpg', 'gallery/pic15-3.jpg'),
('7e6d5c4b-3a2b-1c0d-9e8f-7a6b5c4d3e2f', 'Криминальное чтиво', 'Pulp Fiction', 'films/pic16.png', 'posters/pic16.jpg', 'Несколько переплетающихся историй о жизни криминального мира Лос-Анджелеса.', 'Истории двух киллеров, боксера, гангстера и его жены, грабителей и других персонажей переплетаются в Лос-Анджелесе.', '18+', 8000000, 214000000, 1994, 'a0eebc77-7c0b-4ef6-bb6d-6bb9bd360a12', 'cdf278db-e4f7-b2cf-f7f0-0f0afe4dc0f2', 'Just because you are a character doesn''t mean you have character.', 154, 'gallery/pic16-1.jpg', 'gallery/pic16-2.jpg', 'gallery/pic16-3.jpg'),
('3e4d5c6b-7a8b-9c0d-1e2f-3a4b5c6d7e8f', 'Унесённые ветром', 'Gone with the Wind', 'films/pic17.png', 'posters/pic17.jpg', 'История жизни Скарлетт О''Хара во времена Гражданской войны в США.', 'Эпическая история о жизни своенравной и жизнелюбивой Скарлетт О''Хара, вынужденной пережить тяготы Гражданской войны в США.', '12+', 3850000, 402000000, 1939, 'a0eebc77-7c0b-4ef6-bb6d-6bb9bd360a12', 'def389ec-f5f8-c3d0-f8f1-1f1bff5ed1f3', 'The most magnificent picture ever!', 238, 'gallery/pic17-1.jpg', 'gallery/pic17-2.jpg', 'gallery/pic17-3.jpg'),
('8f7e6d5c-4b3a-2b1c-0d9e-8f7a6b5c4d3e', 'Властелин колец: Две крепости', 'The Lord of the Rings: The Two Towers', 'films/pic18.png', 'posters/pic18.jpg', 'Братство распалось, но война за Средиземье продолжается.', 'Фродо и Сэм продолжают путь к Мордору в компании Голлума, Арагорн и другие члены Братства готовятся к битве за Рохан.', '12+', 94000000, 947000000, 2002, 'a0eebc77-7c0b-4ef6-bb6d-6bb9bd360a13', '8f3e4f27-0ff9-fefb-3ffc-2c2f0f6f82f4', 'The journey continues.', 179, 'gallery/pic18-1.jpg', 'gallery/pic18-2.jpg', 'gallery/pic18-3.jpg'),
('5f4e3d2c-1b0a-9e8d-7c6b-5a4b3c2d1e0f', 'Достучаться до небес', 'Knockin'' on Heaven''s Door', 'films/pic19.png', 'posters/pic19.jpg', 'Двое смертельно больных пациентов сбегают из больницы и отправляются в путешествие к морю.', 'Двое незнакомцев, Мартин и Рудди, встречаются в больничной палате и узнают, что им осталось жить совсем недолго. Они решают сбегать из больницы и отправиться к морю.', '16+', 3000000, 7000000, 1997, 'a0eebc77-7c0b-4ef6-bb6d-6bb9bd360a14', '8bdf34f7-afe3-7e8b-f3fc-dfe6fa098ef8', NULL, 87, 'gallery/pic19-1.jpg', 'gallery/pic19-2.jpg', 'gallery/pic19-3.jpg'),
('2d3e4f5a-6b7c-8d9e-0f1a-2b3c4d5e6f7a', 'Леон', 'Léon', 'films/pic20.png', 'posters/pic20.jpg', 'Профессиональный убийца берет под свою опеку девочку-сироту.', 'Профессиональный убийца Леон неожиданно становится защитником и наставником для 12-летней Матильды, чья семья была убита коррумпированными полицейскими.', '18+', 16000000, 45000000, 1994, 'a0eebc77-7c0b-4ef6-bb6d-6bb9bd360a11', '3c8df0a2-5d9e-4936-b8f7-8b91f5439f33', 'If you want a job done well, hire a professional.', 110, 'gallery/pic20-1.jpg', 'gallery/pic20-2.jpg', 'gallery/pic20-3.jpg'),
('9e8d7c6b-5a4b-3c2d-1e0f-9a8b7c6d5e4f', 'Операция «Ы» и другие приключения Шурика', NULL, 'films/pic21.png', 'posters/pic21.jpg', 'Три комедийные истории о приключениях студента Шурика.', 'Три самостоятельные комедийные новеллы, объединенные общим героем — добрым и наивным студентом Шуриком.', '6+', 0, 0, 1965, 'a0eebc77-7c0b-4ef6-bb6d-6bb9bd360a16', 'adf056b9-c2f5-90ad-f5fe-ffe8fc2baff0', NULL, 95, 'gallery/pic21-1.jpg', 'gallery/pic21-2.jpg', 'gallery/pic21-3.jpg'),
('4c5d6e7f-8a9b-0c1d-2e3f-4a5b6c7d8e9f', 'Список Шиндлера', 'Schindler''s List', 'films/pic22.png', 'posters/pic22.jpg', 'История немецкого промышленника, спасшего тысячи евреев во время Холокоста.', 'Немецкий бизнесмен Оскар Шиндлер спасает более тысячи польских евреев во время Холокоста, нанимая их на свои фабрики.', '16+', 22000000, 322000000, 1993, 'a0eebc77-7c0b-4ef6-bb6d-6bb9bd360a12', '8bdf34f7-afe3-7e8b-f3fc-dfe6fa098ef8', 'Whoever saves one life, saves the world entire.', 195, 'gallery/pic22-1.jpg', 'gallery/pic22-2.jpg', 'gallery/pic22-3.jpg'),
('1d2e3f4a-5b6c-7d8e-9f0a-1b2c3d4e5f6a', 'Девчата', NULL, 'films/pic23.png', 'posters/pic23.jpg', 'Молодая повариха приезжает работать в лесной поселок на Урале.', 'Молодая повариха Тосья приезжает работать в лесной поселок на Урале, где знакомится с местными жителями и находит свою любовь.', '0+', 0, 0, 1961, 'a0eebc77-7c0b-4ef6-bb6d-6bb9bd360a16', 'def389ec-f5f8-c3d0-f8f1-1f1bff5ed1f3', NULL, 92, 'gallery/pic23-1.jpg', 'gallery/pic23-2.jpg', 'gallery/pic23-3.jpg'),
('6e7f8a9b-0c1d-2e3f-4a5b-6c7d8e9f0a1b', 'Темный рыцарь', 'The Dark Knight', 'films/pic24.png', 'posters/pic24.jpg', 'Бэтмен сталкивается с Джокером — хаотичным преступником, стремящимся погрузить Готэм в хаос.', 'Когда в Готэме появляется хаотичный преступник Джокер, Бэтмен сталкивается с величайшим испытанием в своей борьбе за справедливость.', '16+', 185000000, 1006000000, 2008, 'a0eebc77-7c0b-4ef6-bb6d-6bb9bd360a12', '7f2d3f26-fff8-fdfa-2ffb-1b1f9f5f71f3', 'Welcome to a world without rules.', 152, 'gallery/pic24-1.jpg', 'gallery/pic24-2.jpg', 'gallery/pic24-3.jpg'),
('3f4a5b6c-7d8e-9f0a-1b2c-3d4e5f6a7b8c', 'Тайна Коко', 'Coco', 'films/pic25.png', 'posters/pic25.jpg', 'Мальчик отправляется в Страну Мертвых, чтобы раскрыть семейную тайну.', '12-летний Мигель мечтает стать музыкантом, но его семья запрещает музыку. Он отправляется в Страну Мертвых, чтобы найти своего предка-музыканта.', '0+', 175000000, 807000000, 2017, 'a0eebc77-7c0b-4ef6-bb6d-6bb9bd360a12', '0ac6bc1f-f8f1-f6f3-fbf4-4f4e2f8f04f6', 'The celebration of a lifetime.', 105, 'gallery/pic25-1.jpg', 'gallery/pic25-2.jpg', 'gallery/pic25-3.jpg'),
('8a9b0c1d-2e3f-4a5b-6c7d-8e9f0a1b2c3d', 'Бриллиантовая рука', NULL, 'films/pic26.png', 'posters/pic26.jpg', 'Советский гражданин случайно становится контрабандистом.', 'Советский служащий Семен Горбунков по ошибке контрабандистов получает гипс, в котором спрятаны драгоценности.', '6+', 0, 0, 1968, 'a0eebc77-7c0b-4ef6-bb6d-6bb9bd360a16', 'adf056b9-c2f5-90ad-f5fe-ffe8fc2baff0', NULL, 94, 'gallery/pic26-1.jpg', 'gallery/pic26-2.jpg', 'gallery/pic26-3.jpg'),
('5b6c7d8e-9f0a-1b2c-3d4e-5f6a7b8c9d0e', 'Брат', NULL, 'films/pic27.png', 'posters/pic27.jpg', 'Демобилизованный солдат приезжает к брату в Петербург и втягивается в криминальные разборки.', 'Демобилизовавшись, Данила Багров приезжает в Петербург к старшему брату и оказывается втянут в криминальный мир 1990-х.', '18+', 10000, 1000000, 1997, 'a0eebc77-7c0b-4ef6-bb6d-6bb9bd360a17', '8bdf34f7-afe3-7e8b-f3fc-dfe6fa098ef8', NULL, 96, 'gallery/pic27-1.jpg', 'gallery/pic27-2.jpg', 'gallery/pic27-3.jpg'),
('2c3d4e5f-6a7b-8c9d-0e1f-2a3b4c5d6e7f', 'Брат 2', NULL, 'films/pic28.png', 'posters/pic28.jpg', 'Данила Багров отправляется в Америку, чтобы помочь другу.', 'Данила Багров отправляется в США, чтобы помочь другу детства, и сталкивается с американской мафией.', '18+', 1500000, 1500000, 2000, 'a0eebc77-7c0b-4ef6-bb6d-6bb9bd360a17', '8bdf34f7-afe3-7e8b-f3fc-dfe6fa098ef8', NULL, 127, 'gallery/pic28-1.jpg', 'gallery/pic28-2.jpg', 'gallery/pic28-3.jpg'),
('9d0e1f2a-3b4c-5d6e-7f8a-9b0c1d2e3f4a', 'Собачье сердце', NULL, 'films/pic29.png', 'posters/pic29.jpg', 'Профессор проводит эксперимент по очеловечиванию собаки.', 'Профессор Преображенский проводит уникальный эксперимент по превращению собаки в человека, но результат оказывается неожиданным.', '12+', 0, 0, 1988, 'a0eebc77-7c0b-4ef6-bb6d-6bb9bd360a16', '8bdf34f7-afe3-7e8b-f3fc-dfe6fa098ef8', NULL, 136, 'gallery/pic29-1.jpg', 'gallery/pic29-2.jpg', 'gallery/pic29-3.jpg'),
('4e5f6a7b-8c9d-0e1f-2a3b-4c5d6e7f8a9b', 'Пятый элемент', 'The Fifth Element', 'films/pic30.png', 'posters/pic30.jpg', 'Таксист и таинственная девушка должны спасти Землю от древнего зла.', 'В XXIII веке таксист Корбен Даллас и таинственная девушка Лилу должны найти четыре древних элемента, чтобы спасти Землю от приближающегося зла.', '12+', 90000000, 263000000, 1997, 'a0eebc77-7c0b-4ef6-bb6d-6bb9bd360a11', '7f2d3f26-fff8-fdfa-2ffb-1b1f9f5f71f3', NULL, 126, 'gallery/pic30-1.jpg', 'gallery/pic30-2.jpg', 'gallery/pic30-3.jpg'),
('1f2a3b4c-5d6e-7f8a-9b0c-1d2e3f4a5b6c', 'Крестный отец', 'The Godfather', 'films/pic31.png', 'posters/pic31.jpg', 'Эпическая история семьи мафиози Корлеоне.', 'Старший сын мафиозного клана Корлеоне Майкл постепенно втягивается в криминальный бизнес семьи, от которого когда-то хотел уйти.', '18+', 6000000, 246000000, 1972, 'a0eebc77-7c0b-4ef6-bb6d-6bb9bd360a12', '8bdf34f7-afe3-7e8b-f3fc-dfe6fa098ef8', NULL, 175, 'gallery/pic31-1.jpg', 'gallery/pic31-2.jpg', 'gallery/pic31-3.jpg'),
('6a7b8c9d-0e1f-2a3b-4c5d-6e7f8a9b0c1d', 'Дангал', 'Dangal', 'films/pic32.png', 'posters/pic32.jpg', 'Бывший борец тренирует своих дочерей для участия в мировых соревнованиях.', 'Бывший чемпион по борьбе Махавир Сингх Пхогат тренирует своих дочерей Геету и Бабиту, чтобы они стали первыми индийскими женщинами-борцами, завоевавшими золотые медали.', '6+', 10000000, 300000000, 2016, 'a0eebc77-7c0b-4ef6-bb6d-6bb9bd360a19', '8bdf34f7-afe3-7e8b-f3fc-dfe6fa098ef8', NULL, 161, 'gallery/pic32-1.jpg', 'gallery/pic32-2.jpg', 'gallery/pic32-3.jpg'),
('3b4c5d6e-7f8a-9b0c-1d2e-3f4a5b6c7d8e', 'Большой куш', 'Snatch', 'films/pic33.png', 'posters/pic33.jpg', 'Несколько криминальных историй переплетаются вокруг похищенного алмаза.', 'Несколько криминальных сюжетов — от подпольных боксерских поединков до кражи огромного алмаза — переплетаются в Лондоне.', '18+', 10000000, 83000000, 2000, 'a0eebc77-7c0b-4ef6-bb6d-6bb9bd360a18', 'cdf278db-e4f7-b2cf-f7f0-0f0afe4dc0f2', NULL, 104, 'gallery/pic33-1.jpg', 'gallery/pic33-2.jpg', 'gallery/pic33-3.jpg'),
('8c9d0e1f-2a3b-4c5d-6e7f-8a9b0c1d2e3f', 'Шрэк', 'Shrek', 'films/pic34.png', 'posters/pic34.jpg', 'Зеленый огр отправляется спасать принцессу, чтобы вернуть свое болото.', 'Огр Шрэк заключает сделку с лордом Фаркуадом: он должен спасти принцессу Фиону, чтобы вернуть свое болото.', '0+', 60000000, 484000000, 2001, 'a0eebc77-7c0b-4ef6-bb6d-6bb9bd360a12', '0ac6bc1f-f8f1-f6f3-fbf4-4f4e2f8f04f6', 'The greatest fairy tale never told.', 90, 'gallery/pic34-1.jpg', 'gallery/pic34-2.jpg', 'gallery/pic34-3.jpg'),
('5d6e7f8a-9b0c-1d2e-3f4a-5b6c7d8e9f0a', 'Назад в будущее', 'Back to the Future', 'films/pic35.png', 'posters/pic35.jpg', 'Подросток случайно отправляется в прошлое на машине времени.', 'Подросток Марти МакФлай случайно попадает в 1955 год на машине времени, созданной его другом-ученым Доком Брауном.', '6+', 19000000, 381000000, 1985, 'a0eebc77-7c0b-4ef6-bb6d-6bb9bd360a12', '7f2d3f26-fff8-fdfa-2ffb-1b1f9f5f71f3', 'He''s the only kid ever to get into trouble before he was born.', 116, 'gallery/pic35-1.jpg', 'gallery/pic35-2.jpg', 'gallery/pic35-3.jpg'),
('2e3f4a5b-6c7d-8e9f-0a1b-2c3d4e5f6a7b', 'Дикий робот', 'The Wild Robot', 'films/pic36.png', 'posters/pic36.jpg', 'Робот, оказавшийся на необитаемом острове, учится выживать в дикой природе.', 'Робот РОЗЗ оказывается на необитаемом острове и должен научиться выживать в дикой природе, подружившись с местными животными.', '0+', 70000000, 150000000, 2024, 'a0eebc77-7c0b-4ef6-bb6d-6bb9bd360a12', '0ac6bc1f-f8f1-f6f3-fbf4-4f4e2f8f04f6', 'What will she become?', 102, 'gallery/pic36-1.jpg', 'gallery/pic36-2.jpg', 'gallery/pic36-3.jpg'),
('9f0a1b2c-3d4e-5f6a-7b8c-9d0e1f2a3b4c', 'Поймай меня, если сможешь', 'Catch Me If You Can', 'films/pic37.png', 'posters/pic37.jpg', 'Молодой мошенник выдает себя за пилота, врача и адвоката.', 'Основано на реальной истории Фрэнка Эбигнейла-младшего, который в молодости успешно выдавал себя за пилота авиакомпании, врача и адвоката.', '12+', 52000000, 352000000, 2002, 'a0eebc77-7c0b-4ef6-bb6d-6bb9bd360a12', 'cdf278db-e4f7-b2cf-f7f0-0f0afe4dc0f2', 'The true story of a real fake.', 141, 'gallery/pic37-1.jpg', 'gallery/pic37-2.jpg', 'gallery/pic37-3.jpg'),
('4a5b6c7d-8e9f-0a1b-2c3d-4e5f6a7b8c9d', 'Карты, деньги, два ствола', 'Lock, Stock and Two Smoking Barrels', 'films/pic38.png', 'posters/pic38.jpg', 'Четверо друзей оказываются в долгу у криминального босса после неудачной карточной игры.', 'Четверо друзей проигрывают крупную сумму денег в карты и оказываются должны местному криминальному боссу.', '18+', 1350000, 37500000, 1998, 'a0eebc77-7c0b-4ef6-bb6d-6bb9bd360a18', '3c8df0a2-5d9e-4936-b8f7-8b91f5439f33', 'A Disgrace to Criminals Everywhere.', 107, 'gallery/pic38-1.jpg', 'gallery/pic38-2.jpg', 'gallery/pic38-3.jpg'),
('1b2c3d4e-5f6a-7b8c-9d0e-1f2a3b4c5d6e', 'Хатико: Самый верный друг', 'Hachi: A Dog''s Tale', 'films/pic39.png', 'posters/pic39.jpg', 'Трогательная история о верности собаки своему хозяину.', 'Основано на реальной истории акита-ину по кличке Хатико, который в течение девяти лет каждый день приходил на станцию встречать умершего хозяина.', '0+', 16000000, 46000000, 2009, 'a0eebc77-7c0b-4ef6-bb6d-6bb9bd360a12', '8bdf34f7-afe3-7e8b-f3fc-dfe6fa098ef8', NULL, 93, 'gallery/pic39-1.jpg', 'gallery/pic39-2.jpg', 'gallery/pic39-3.jpg'),
('6c7d8e9f-0a1b-2c3d-4e5f-6a7b8c9d0e1f', 'Кавказская пленница, или Новые приключения Шурика', NULL, 'films/pic40.png', 'posters/pic40.jpg', 'Студент Шурик спасает девушку, которую хотят насильно выдать замуж.', 'Студент Шурик приезжает на Кавказ собирать фольклор и случайно спасает девушку Нину, которую дядя хочет насильно выдать замуж.', '6+', 0, 0, 1966, 'a0eebc77-7c0b-4ef6-bb6d-6bb9bd360a16', 'adf056b9-c2f5-90ad-f5fe-ffe8fc2baff0', NULL, 82, 'gallery/pic40-1.jpg', 'gallery/pic40-2.jpg', 'gallery/pic40-3.jpg'),
('3d4e5f6a-7b8c-9d0e-1f2a-3b4c5d6e7f8a', 'Трасса 60', 'Highway 60', 'films/pic41.png', 'posters/pic41.jpg', 'Молодой юрист отправляется в путешествие по загадочной трассе 60.', 'Молодой юрист получает загадочное послание от покойного отца и отправляется в путешествие по мистической трассе 60.', '12+', 27000000, 7000000, 2002, 'a0eebc77-7c0b-4ef6-bb6d-6bb9bd360a20', '8f3e4f27-0ff9-fefb-3ffc-2c2f0f6f82f4', 'The road to your dreams is always under construction.', 106, 'gallery/pic41-1.jpg', 'gallery/pic41-2.jpg', 'gallery/pic41-3.jpg'),
('8e9f0a1b-2c3d-4e5f-6a7b-8c9d0e1f2a3b', 'Титаник', 'Titanic', 'films/pic42.png', 'posters/pic42.jpg', 'История любви на фоне гибели легендарного лайнера.', 'Молодые аристократка Роза и бедный художник Джек влюбляются друг в друга на борту злополучного «Титаника».', '12+', 200000000, 2200000000, 1997, 'a0eebc77-7c0b-4ef6-bb6d-6bb9bd360a12', 'def389ec-f5f8-c3d0-f8f1-1f1bff5ed1f3', 'Nothing on Earth could come between them.', 194, 'gallery/pic42-1.jpg', 'gallery/pic42-2.jpg', 'gallery/pic42-3.jpg'),
('5e6f7a8b-9c0d-1e2f-3a4b-5c6d7e8f9a0b', 'Матрица', 'The Matrix', 'films/pic43.png', 'posters/pic43.jpg', 'Хакер узнает, что реальный мир — это иллюзия, созданная машинами.', 'Хакер Нео узнает, что мир, в котором он живет, — это компьютерная симуляция, созданная машинами, поработившими человечество.', '16+', 63000000, 467000000, 1999, 'a0eebc77-7c0b-4ef6-bb6d-6bb9bd360a12', '7f2d3f26-fff8-fdfa-2ffb-1b1f9f5f71f3', 'Reality is a thing of the past.', 136, 'gallery/pic43-1.jpg', 'gallery/pic43-2.jpg', 'gallery/pic43-3.jpg'),
('2f3a4b5c-6d7e-8f9a-0b1c-2d3e4f5a6b7c', 'Гарри Поттер и философский камень', 'Harry Potter and the Philosopher''s Stone', 'films/pic44.png', 'posters/pic44.jpg', 'Мальчик-сирота узнает, что он волшебник, и поступает в школу магии Хогвартс.', '11-летний Гарри Поттер узнает, что он волшебник и поступает в школу магии Хогвартс, где начинает раскрывать тайны своего прошлого.', '6+', 125000000, 1000000000, 2001, 'a0eebc77-7c0b-4ef6-bb6d-6bb9bd360a18', '8f3e4f27-0ff9-fefb-3ffc-2c2f0f6f82f4', 'Let the magic begin.', 152, 'gallery/pic44-1.jpg', 'gallery/pic44-2.jpg', 'gallery/pic44-3.jpg'),
('9a0b1c2d-3e4f-5a6b-7c8d-9e0f1a2b3c4d', 'В августе 44-го', NULL, 'films/pic45.png', 'posters/pic45.jpg', 'Советские контрразведчики охотятся за немецким агентом в тылу.', '1944 год. Группа советских контрразведчиков пытается выявить немецкого агента, передающего секретные сведения врагу.', '16+', 0, 0, 2001, 'a0eebc77-7c0b-4ef6-bb6d-6bb9bd360a17', '5eaf01c4-7fb0-4b58-d0f9-adb3f765bf55', NULL, 118, 'gallery/pic45-1.jpg', 'gallery/pic45-2.jpg', 'gallery/pic45-3.jpg'),
('4b5c6d7e-8f9a-0b1c-2d3e-4f5a6b7c8d9e', '...А зори здесь тихие', NULL, 'films/pic46.png', 'posters/pic46.jpg', 'Пять девушек-зенитчиц во главе со старшиной вступают в бой с немецкими диверсантами.', '1942 год. Пять девушек-зенитчиц под командованием старшины Васкова вступают в неравный бой с группой немецких диверсантов.', '12+', 0, 0, 1972, 'a0eebc77-7c0b-4ef6-bb6d-6bb9bd360a16', '8bdf34f7-afe3-7e8b-f3fc-dfe6fa098ef8', NULL, 160, 'gallery/pic46-1.jpg', 'gallery/pic46-2.jpg', 'gallery/pic46-3.jpg'),
('1c2d3e4f-5a6b-7c8d-9e0f-1a2b3c4d5e6f', 'Пианист', 'The Pianist', 'films/pic47.png', 'posters/pic47.jpg', 'Польский пианист еврейского происхождения переживает Холокост в Варшаве.', 'Основано на реальной истории Владислава Шпильмана, польского пианиста, пережившего Холокост в Варшавском гетто.', '16+', 35000000, 120000000, 2002, 'a0eebc77-7c0b-4ef6-bb6d-6bb9bd360a11', '8bdf34f7-afe3-7e8b-f3fc-dfe6fa098ef8', 'Music was his passion. Survival was his masterpiece.', 150, 'gallery/pic47-1.jpg', 'gallery/pic47-2.jpg', 'gallery/pic47-3.jpg'),
('6d7e8f9a-0b1c-2d3e-4f5a-6b7c8d9e0f1a', 'Иди и смотри', NULL, 'films/pic48.png', 'posters/pic48.jpg', 'Подросток становится свидетелем ужасов войны в оккупированной Белоруссии.', '1943 год. Белорусский подросток Флера присоединяется к партизанам и становится свидетелем жестокости нацистов.', '18+', 0, 0, 1985, 'a0eebc77-7c0b-4ef6-bb6d-6bb9bd360a16', '8bdf34f7-afe3-7e8b-f3fc-dfe6fa098ef8', NULL, 142, 'gallery/pic48-1.jpg', 'gallery/pic48-2.jpg', 'gallery/pic48-3.jpg'),
('3e4f5a6b-7c8d-9e0f-1a2b-3c4d5e6f7a8b', 'Джанго освобожденный', 'Django Unchained', 'films/pic49.png', 'posters/pic49.jpg', 'Освобожденный раб и охотник за головами отправляются спасать жену Джанго из рабства.', 'Бывший раб Джанго и охотник за головами доктор Шульц объединяются, чтобы спасти жену Джанго Брунхильду из рабства.', '18+', 100000000, 425000000, 2012, 'a0eebc77-7c0b-4ef6-bb6d-6bb9bd360a12', '4d9ef0b3-6eaf-4a47-c9f8-9ca2f654af44', 'Life, liberty and the pursuit of vengeance.', 165, 'gallery/pic49-1.jpg', 'gallery/pic49-2.jpg', 'gallery/pic49-3.jpg'),
('8f9a0b1c-2d3e-4f5a-6b7c-8d9e0f1a2b3c', 'Дюна: Часть вторая', 'Dune: Part Two', 'films/pic50.png', 'posters/pic50.jpg', 'Пол Атрейдес объединяется с фременами для войны против Империи.', 'Пол Атрейдес объединяется с Чанни и фременами Арракиса, чтобы отомстить заговорщикам, уничтожившим его семью. Он оказывается перед выбором между любовью и судьбой вселенной, пытаясь предотвратить ужасное будущее, которое он предвидит.', '12+', 190000000, 711000000, 2024, 'a0eebc77-7c0b-4ef6-bb6d-6bb9bd360a12', '7f2d3f26-fff8-fdfa-2ffb-1b1f9f5f71f3', NULL, 166, 'gallery/pic50-1.jpg', 'gallery/pic50-2.jpg', 'gallery/pic50-3.jpg'),
('b2c3d4e5-6f7a-8b9c-0d1e-2f3a4b5c6d7e', 'Земляне', 'Earthlings', 'films/pic51.png', 'posters/pic51.jpg', 'Шокирующий документальный фильм о эксплуатации животных человеком.', 'Фильм исследует зависимость человечества от животных в пяти ключевых сферах: домашние питомцы, еда, одежда, развлечения и научные исследования.', '18+', 0, 0, 2005, 'a0eebc77-7c0b-4ef6-bb6d-6bb9bd360a12', '6fbf12d5-8fc1-5c69-e1ea-bec4f876cf66', NULL, 95, 'gallery/pic51-1.jpg', 'gallery/pic51-2.jpg', 'gallery/pic51-3.jpg'),
('c3d4e5f6-7a8b-9c0d-1e2f-3a4b5c6d7e8f', 'Газонокосильщик', 'Lawnmower', 'films/pic52.png', 'posters/pic52.jpg', 'Мальчик пытается заработать деньги, кося газоны.', 'Маленький мальчик пытается заработать деньги на подарок матери, предлагая соседям услуги по стрижке газонов.', '0+', 5000, 0, 2018, 'a0eebc77-7c0b-4ef6-bb6d-6bb9bd360a12', 'bef167ca-d3f6-a1be-f6ff-fff9fd3cbff1', NULL, 15, 'gallery/pic52-1.jpg', 'gallery/pic52-2.jpg', 'gallery/pic52-3.jpg'),
('d4e5f6a7-8b9c-0d1e-2f3a-4b5c6d7e8f9a', 'Шестое чувство', 'The Sixth Sense', 'films/pic53.png', 'posters/pic53.jpg', 'Психолог пытается помочь мальчику, который видит призраков.', 'Детский психолог Малкольм Кроу берется за лечение девятилетнего Коула Сира, который утверждает, что видит призраков.', '16+', 40000000, 673000000, 1999, 'a0eebc77-7c0b-4ef6-bb6d-6bb9bd360a12', 'eaf49afd-f6f9-d4e1-f9f2-2f2c0f6fe2f4', 'Not every gift is a blessing.', 107, 'gallery/pic53-1.jpg', 'gallery/pic53-2.jpg', 'gallery/pic53-3.jpg'),
('e5f6a7b8-9c0d-1e2f-3a4b-5c6d7e8f9a0b', 'Поющие под дождем', 'Singin'' in the Rain', 'films/pic54.png', 'posters/pic54.jpg', 'История о Голливуде в период перехода от немого кино к звуковому.', 'В 1927 году звезда немого кино Дон Локвуд влюбляется в хористку Кэти Сельдон, пока Голливуд переживает переход к звуковому кино.', '0+', 2540000, 7200000, 1952, 'a0eebc77-7c0b-4ef6-bb6d-6bb9bd360a12', 'fbf5ab0e-f7f0-e5f2-faf3-3f3d1f7ff3f5', NULL, 103, 'gallery/pic54-1.jpg', 'gallery/pic54-2.jpg', 'gallery/pic54-3.jpg'),
('f6a7b8c9-0d1e-2f3a-4b5c-6d7e8f9a0b1c', 'Индиана Джонс: В поисках утраченного ковчега', 'Raiders of the Lost Ark', 'films/pic55.png', 'posters/pic55.jpg', 'Археолог-авантюрист ищет утраченный Ковчег Завета.', 'Археолог и авантюрист Индиана Джонс отправляется на поиски утраченного Ковчега Завета до того, как его найдут нацисты.', '12+', 18000000, 390000000, 1981, 'a0eebc77-7c0b-4ef6-bb6d-6bb9bd360a12', '1bd7cd20-f9f2-f7f4-fcf5-5f5f3f9f15f7', NULL, 115, 'gallery/pic55-1.jpg', 'gallery/pic55-2.jpg', 'gallery/pic55-3.jpg'),
('a7b8c9d0-1e2f-3a4b-5c6d-7e8f9a0b1c2d', 'Реальная любовь', 'Love Actually', 'films/pic56.png', 'posters/pic56.jpg', 'Истории о любви, которые переплетаются в Лондоне перед Рождеством.', 'В Лондоне за пять недель до Рождества переплетаются истории десяти разных пар, связанных любовью.', '16+', 40000000, 247000000, 2003, 'a0eebc77-7c0b-4ef6-bb6d-6bb9bd360a18', '2ce8de21-faf3-f8f5-fdf6-6f6f4f0f26f8', NULL, 135, 'gallery/pic56-1.jpg', 'gallery/pic56-2.jpg', 'gallery/pic56-3.jpg'),
('b8c9d0e1-2f3a-4b5c-6d7e-8f9a0b1c2d3e', 'Один дома', 'Home Alone', 'films/pic57.png', 'posters/pic57.jpg', 'Мальчик случайно остается один дома и защищает свой дом от грабителей.', 'Восьмилетний Кевин случайно остается один дома, когда его семья улетает в Париж на Рождество. Ему приходится защищать дом от двух грабителей.', '0+', 18000000, 477000000, 1990, 'a0eebc77-7c0b-4ef6-bb6d-6bb9bd360a12', 'adf056b9-c2f5-90ad-f5fe-ffe8fc2baff0', NULL, 103, 'gallery/pic57-1.jpg', 'gallery/pic57-2.jpg', 'gallery/pic57-3.jpg'),
('c9d0e1f2-3a4b-5c6d-7e8f-9a0b1c2d3e4f', 'Рокки', 'Rocky', 'films/pic58.png', 'posters/pic58.jpg', 'Неизвестный боксер получает шанс сразиться за титул чемпиона мира.', 'Неизвестный филадельфийский боксер Рокки Бальбоа неожиданно получает шанс сразиться с чемпионом мира в тяжелом весе.', '12+', 960000, 225000000, 1976, 'a0eebc77-7c0b-4ef6-bb6d-6bb9bd360a12', '4efa0f23-fcf5-faf7-fff8-8f8f6f2f48f0', 'His whole life was a million-to-one shot.', 120, 'gallery/pic58-1.jpg', 'gallery/pic58-2.jpg', 'gallery/pic58-3.jpg'),
('d0e1f2a3-4b5c-6d7e-8f9a-0b1c2d3e4f5a', 'Сияние', 'The Shining', 'films/pic59.png', 'posters/pic59.jpg', 'Смотритель отеля с семьей сходит с ума от одиночества в закрытом отеле.', 'Писатель Джек Торренс устраивается смотрителем в закрытый на зиму отель, где его посещают сверхъестественные видения, и он медленно сходит с ума.', '18+', 19000000, 46200000, 1980, 'a0eebc77-7c0b-4ef6-bb6d-6bb9bd360a12', '6f1c2f25-fef7-fcf9-1ffa-0a0f8f4f60f2', NULL, 146, 'gallery/pic59-1.jpg', 'gallery/pic59-2.jpg', 'gallery/pic59-3.jpg');


INSERT INTO user_table (id, login, password_hash) VALUES
('a1b2c3d4-e5f6-7890-abcd-ef1234567890', 'john_doe', E'\\xc23fafe3872bc4899b6ce0f16a75390f2832fd49783bda5679969541b72b18f2f6b85830d7346544'),
('b2c3d4e5-f6a7-8901-bcde-f23456789012', 'sarah_miller', E'\\x1f60903aff756d74fb44469a5ebd890deca300f254c7dda633dcb28cb6d96ed953bb6806e887b111'),
('c3d4e5f6-a7b8-9012-cdef-345678901234', 'mike_johnson', E'\\x387b62a7e51144aea55d35d7ace9cae9706f47f0b6dac7d42d1521e81fe74098d17e157bed62d39d'),
('d4e5f6a7-b8c9-0123-def4-456789012345', 'marie_dupont', E'\\x328279919aa5a4e2c7529b6b35e9fc1862338005ad29026d5f236c56491d51cceb19be714a3a7776'),
('e5f6a7b8-c9d0-1234-ef56-567890123456', 'pierre_martin',E'\\x26a6c080424b78040ac4a7e06a9d2dd9bb830bf09003dd8f199883cb99ea6751dd97702ce7109c91'),
('f6a7b8c9-d0e1-2345-f678-678901234567', 'lisa_wilson',  E'\\x7e7d09aa98b6504de5302e89e53c9b3aaee0fc68ff5fb3809cf63118dd2c9807181efed7696d1f60'),
('a7b8c9d0-e1f2-3456-789a-789012345678', 'david_brown',  E'\\xd78159dd2a7640bbf0f7e4fdd17a2c62683399841396c4f1eb837b11b02ad50265980fb706056b65'),
('b8c9d0e1-f2a3-4567-89ab-890123456789', 'ivan_ivanov',  E'\\xef0c1c587efa9cc0d9c1bd42415971636bd80d4cd615ddf3c8352fe05d73b10a23889704cf23f70b'),
('f2a3b4c5-d6e7-8901-2f34-23456789abcd', 'emma_watson',  E'\\xfc1a23d4abf03c7e1b4ef6e5ab2195a2a81f78315906ce0495f898ebb03f4f178e68082bf54cb77f'),
('a3b4c5d6-e7f8-9012-3f45-3456789abcde', 'harry_potter', E'\\x4ee6342828c81256bd9112519c80829eeeb04999d93b5e118b9a07a4cd6ae975f962afc35fdef40a'),
('b4c5d6e7-f8a9-0123-4f56-456789abcdef', 'hans_muller',  E'\\x7df18e0995ee89132d0613a8afbcb96127cbc6b581d301d3e8f1896182f8946417764ce77233ab34'),
('c5d6e7f8-a9b0-1234-5f67-56789abcdef0', 'anna_schmidt', E'\\x9ccc8a866348dc9d61548d9de8f32d75d1c53e9486b4cda52472f2712c3faf620ab2b96ed1ca2647'),
('d6e7f8a9-b0c1-2345-6f78-6789abcdef01', 'raj_patel',    E'\\x2369cdda82efe9c642738e98149d0caa086062e85264825ec6c8f970b71550d56afe2dddacb2149b'),
('e7f8a9b0-c1d2-3456-7f89-789abcdef012', 'priya_sharma', E'\\x4b32f0899f730c78b8dd6ca372cc3ae8068372c211f6ce7a60187f964ca1149cb1ed6597e27dc7cb'),
('f8a9b0c1-d2e3-4567-8f90-89abcdef0123', 'liam_tremblay',E'\\x84096b2a6dfc83b97271e9328ba63c9ace62f69f11f2b041d0c4644091b4e66b69c910868818f24e'),
('a9b0c1d2-e3f4-5678-9f01-9abcdef01234', 'sophie_gagnon',E'\\xbba30bacd6740c0b0cf14b107f4ddd80492343e03be7bd10c6e7029f8fe3790e1be77d6159402761');


INSERT INTO film_feedback (id, user_id, film_id, title, text, rating) VALUES
('a0b1c2d3-e4f5-6789-abcd-ef0123456789', 'a1b2c3d4-e5f6-7890-abcd-ef1234567890', 'f47ac10b-58cc-0372-8567-0e02b2c3d479', 'Невероятная дружба', 'Трогательная история о настоящей дружбе, которая преодолевает все барьеры. Отличная актерская игра!', 9),
('b1c2d3e4-f5a6-7890-bcde-f01234567890', 'b2c3d4e5-f6a7-8901-bcde-f23456789012', 'f47ac10b-58cc-0372-8567-0e02b2c3d479', 'Переоценен', 'Хороший фильм, но слишком предсказуемый сюжет. Не понимаю всеобщего восторга.', 6),
('c2d3e4f5-a6b7-8901-cdef-012345678901', 'c3d4e5f6-a7b8-9012-cdef-345678901234', '6ba7b810-9dad-11d1-80b4-00c04fd430c8', 'Космический шедевр', 'Великолепная научная фантастика с глубоким смыслом. Визуальные эффекты потрясающие!', 10),
('d3e4f5a6-b7c8-9012-def0-123456789012', 'd4e5f6a7-b8c9-0123-def4-456789012345', '6ba7b810-9dad-11d1-80b4-00c04fd430c8', 'Сложно для восприятия', 'Слишком много научных терминов, некоторые сцены затянуты.', 7),
('e4f5a6b7-c8d9-0123-ef01-234567890123', 'e5f6a7b8-c9d0-1234-ef56-567890123456', '550e8400-e29b-41d4-a716-446655440000', 'Вечная классика', 'Фильм о надежде и свободе, который никогда не стареет. Абсолютный шедевр!', 10),
('f5a6b7c8-d9e0-1234-f012-345678901234', 'f6a7b8c9-d0e1-2345-f678-678901234567', '550e8400-e29b-41d4-a716-446655440000', 'Хорошо, но не идеально', 'Отличный фильм, но некоторые моменты кажутся слишком идеализированными.', 8),
('a6b7c8d9-e0f1-2345-6789-012345678901', 'a7b8c9d0-e1f2-3456-789a-789012345678', '67e55044-10b1-426f-9247-bb680e5fe0c8', 'Стильно и остроумно', 'Гай Ричи в своей стихии! Отличные диалоги и неожиданные повороты сюжета.', 9),
('b7c2d9e0-f1a2-3456-7890-123456789012', 'f6a7b8c9-d0e1-2345-f678-678901234567', '67e55044-10b1-426f-9247-bb680e5fe0c8', 'Не самый лучший', 'Много персонажей, сложно уследить за сюжетом. Юмор на любителя.', 5),
('d9e0f1a2-b3c4-5678-9012-345678901231', 'f6a7b8c9-d0e1-2345-f678-678901234567', 'c9bf9e57-1685-4c89-bafb-ff5af830be8a', 'Слишком драматично', 'Хороший фильм, но иногда кажется, что драматизм нарочитый.', 7),
('e0f1a2b3-c4d5-6789-0123-456789012342', 'b8c9d0e1-f2a3-4567-89ab-890123456789', 'a3bb189e-8bf9-3888-9912-6c2d5c7c5b9a', 'Гениальный триллер', 'Неожиданная развязка, великолепная игра ДиКаприо. Держит в напряжении до конца!', 9),
('f1a2b3c4-d5e6-7890-1234-567890123453', 'f2a3b4c5-d6e7-8901-2f34-23456789abcd', 'a3bb189e-8bf9-3888-9912-6c2d5c7c5b9a', 'Запутанно', 'Интересный сюжет, но иногда слишком сложно понять происходящее.', 6),
('a2b3c4d5-e6f7-8901-2345-678901234563', 'a3b4c5d6-e7f8-9012-3f45-3456789abcde', '1b9d6bcd-bbfd-4b2d-9b5d-ab8dfbbd4bed', 'Эпичный финал', 'Лучшее завершение трилогии! Битва у Мордора - это нечто грандиозное!', 10),
('b3c4d5e6-f7a8-9012-3456-789012345674', 'b4c5d6e7-f8a9-0123-4f56-456789abcdef', '1b9d6bcd-bbfd-4b2d-9b5d-ab8dfbbd4bed', 'Многовато концовок', 'Отличный фильм, но финал можно было сделать покороче.', 8),
('c4d5e6f7-a8b9-0123-4567-890123456781', 'c5d6e7f8-a9b0-1234-5f67-56789abcdef0', '9f4e7a7c-8c5a-4e5a-9f3e-6e8a9b9c8d7e', 'Трогательная история', 'Великолепная игра Тома Хэнкса! Фильм, который заставляет задуматься о жизни.', 9),
('d5e6f7a8-b9c0-1234-5678-901234567892', 'd6e7f8a9-b0c1-2345-6f78-6789abcdef01', '9f4e7a7c-8c5a-4e5a-9f3e-6e8a9b9c8d7e', 'Слишком сентиментально', 'Хороший фильм, но иногда кажется слишком слащавым.', 7),
('e6f7a8b9-c0d1-2345-6789-012345678901', 'e7f8a9b0-c1d2-3456-7f89-789abcdef012', '3f7a5c2e-1e4a-4c8e-9e2a-7b8c9d0e1f2a', 'Лучший сиквел', 'Превосходит оригинал! Отличный экшен и сюжет.', 9),
('f7a8b9c0-d1e2-3456-7890-123456789012', 'f8a9b0c1-d2e3-4567-8f90-89abcdef0123', '3f7a5c2e-1e4a-4c8e-9e2a-7b8c9d0e1f2a', 'Эффекты устарели', 'Хороший фильм, но современному зрителю спецэффекты могут показаться старомодными.', 6),
('a8b9c0d1-e2f3-4567-8901-234567890123', 'a9b0c1d2-e3f4-5678-9f01-9abcdef01234', '8e7c5a2b-4e1a-9c8e-2a7b-1c8d9e0f2a3b', 'Трогательная дружба', 'Отличный дуэт актеров, тонкий юмор и важная тема.', 8),
('b9c0d1e2-f3a4-5678-9012-345678901234', 'a1b2c3d4-e5f6-7890-abcd-ef1234567890', '8e7c5a2b-4e1a-9c8e-2a7b-1c8d9e0f2a3b', 'Поверхностно', 'Интересная тема, но раскрыта недостаточно глубоко.', 6),
('c0d1e2f3-a4b5-6789-0123-456789012345', 'b2c3d4e5-f6a7-8901-bcde-f23456789012', '5d4c3b2a-1e9f-8c7e-6a5b-4c3d2e1f0a9b', 'Начало легенды', 'Идеальное погружение в мир Средиземья!', 10),
('d1e2f3a4-b5c6-7890-1234-567890123456', 'c3d4e5f6-a7b8-9012-cdef-345678901234', '5d4c3b2a-1e9f-8c7e-6a5b-4c3d2e1f0a9b', 'Медленное начало', 'Хороший фильм, но первая половина немного затянута.', 7),
('e2f3a4b5-c6d7-8901-2345-678901234567', 'd4e5f6a7-b8c9-0123-def4-456789012345', '2b3c4d5e-6f7a-8b9c-0d1e-2f3a4b5c6d7e', 'Волшебный мир Миядзаки', 'Невероятная анимация и глубокая история!', 10),
('f3a4b5c6-d7e8-9012-3456-789012345678', 'e5f6a7b8-c9d0-1234-ef56-567890123456', '2b3c4d5e-6f7a-8b9c-0d1e-2f3a4b5c6d7e', 'Слишком странно', 'Интересная анимация, но сюжет слишком причудливый для моего вкуса.', 6),
('a4b5c6d7-e8f9-0123-4567-890123456789', 'f6a7b8c9-d0e1-2345-f678-678901234567', '9a8b7c6d-5e4f-3a2b-1c0d-9e8f7a6b5c4d', 'Культовый фильм', 'Гениальная режиссура и глубокий смысл!', 9),
('b5c6d7e8-f9a0-1234-5678-901234567890', 'a7b8c9d0-e1f2-3456-789a-789012345678', '9a8b7c6d-5e4f-3a2b-1c0d-9e8f7a6b5c4d', 'Мрачно и депрессивно', 'Интересная идея, но слишком мрачная атмосфера.', 5),
('c6d7e8f9-a0b1-2345-6789-012345678901', 'b8c9d0e1-f2a3-4567-89ab-890123456789', '4d5c6b7a-8e9f-0a1b-2c3d-4e5f6a7b8c9d', 'Эпическая сага', 'Великолепные батальные сцены и сильная актерская игра!', 9),
('e8f9a0b1-c2d3-4567-8901-234567890123', 'f2a3b4c5-d6e7-8901-2f34-23456789abcd', '1a2b3c4d-5e6f-7a8b-9c0d-1e2f3a4b5c6d', 'Гениальная концепция', 'Уникальная идея и великолепное исполнение!', 10),
('f9a0b1c2-d3e4-5678-9012-345678901234', 'b8c9d0e1-f2a3-4567-89ab-890123456789', '1a2b3c4d-5e6f-7a8b-9c0d-1e2f3a4b5c6d', 'Слишком сложно', 'Интересная задумка, но слишком запутанный сюжет.', 6),
('a0b1c2d3-e4f5-6789-0123-456789012345', 'f2a3b4c5-d6e7-8901-2f34-23456789abcd', '7e6d5c4b-3a2b-1c0d-9e8f-7a6b5c4d3e2f', 'Новаторский стиль', 'Уникальный подход к повествованию!', 9),
('b1c2d3e4-f5a6-7890-1234-567890123456', 'a3b4c5d6-e7f8-9012-3f45-3456789abcde', '7e6d5c4b-3a2b-1c0d-9e8f-7a6b5c4d3e2f', 'Бессвязные истории', 'Не мой формат - слишком фрагментированный сюжет.', 5),
('c2d3e4f5-a6b7-8901-2345-678901234567', 'b4c5d6e7-f8a9-0123-4f56-456789abcdef', '3e4d5c6b-7a8b-9c0d-1e2f-3a4b5c6d7e8f', 'Великий роман', 'Эпическая история на фоне Гражданской войны!', 9),
('d3e4f5a6-b7c8-9012-3456-789012345678', 'c5d6e7f8-a9b0-1234-5f67-56789abcdef0', '3e4d5c6b-7a8b-9c0d-1e2f-3a4b5c6d7e8f', 'Слишком длинный', 'Классика, но современному зрителю может показаться затянутым.', 7),
('e4f5a6b7-c8d9-0123-4567-890123456789', 'd6e7f8a9-b0c1-2345-6f78-6789abcdef01', '8f7e6d5c-4b3a-2b1c-0d9e-8f7a6b5c4d3e', 'Развитие сюжета', 'Отличный второй фильм с великолепными батальными сценами!', 9),
('f5a6b7c8-d9e0-1234-5678-901234567890', 'e7f8a9b0-c1d2-3456-7f89-789abcdef012', '8f7e6d5c-4b3a-2b1c-0d9e-8f7a6b5c4d3e', 'Средняя часть', 'Хороший фильм, но не так хорош, как первая и третья части.', 7),
('a6b7c8d9-e0f1-2145-6789-012345678902', 'f8a9b0c1-d2e3-4567-8f90-89abcdef0123', '2d3e4f5a-6b7c-8d9e-0f1a-2b3c4d5e6f7a', 'Невероятный дуэт', 'Великолепная игра Жана Рено и Натали Портман!', 10),
('b7c8d9e0-f1a2-3456-7890-123456789012', 'a9b0c1d2-e3f4-5678-9f01-9abcdef01234', '2d3e4f5a-6b7c-8d9e-0f1a-2b3c4d5e6f7a', 'Спорный сюжет', 'Хороший фильм, но отношения главных героев вызывают вопросы.', 7),
('c8d9e0f1-a2b3-4567-8901-234567890123', 'a1b2c3d4-e5f6-7890-abcd-ef1234567890', '4c5d6e7f-8a9b-0c1d-2e3f-4a5b6c7d8e9f', 'Важная история', 'Мощный фильм о Холокосте, который должен увидеть каждый!', 10),
('d9e0f1a2-b3c4-5678-9012-345678901234', 'b2c3d4e5-f6a7-8901-bcde-f23456789012', '4c5d6e7f-8a9b-0c1d-2e3f-4a5b6c7d8e9f', 'Тяжелое кино', 'Важный фильм, но смотреть его психологически тяжело.', 8),
('e0f1a2b3-c4d5-6789-0123-456789012345', 'c3d4e5f6-a7b8-9012-cdef-345678901234', '6e7f8a9b-0c1d-2e3f-4a5b-6c7d8e9f0a1b', 'Лучший комикс-фильм', 'Хит Леджер в роли Джокера - это гениально!', 10),
('f1a2b3c4-d5e6-7890-1234-567890123456', 'd4e5f6a7-b8c9-0123-def4-456789012345', '6e7f8a9b-0c1d-2e3f-4a5b-6c7d8e9f0a1b', 'Слишком мрачно', 'Отличный фильм, но иногда слишком темная атмосфера.', 8),
('a2b3c4d5-e6f7-8901-2345-678901234567', 'e5f6a7b8-c9d0-1234-ef56-567890123456', '3f4a5b6c-7d8e-9f0a-1b2c-3d4e5f6a7b8c', 'Трогательная анимация', 'Прекрасная история о семье и традициях!', 9),
('b3c4d5e6-f7a8-9012-3456-789012345678', 'f6a7b8c9-d0e1-2345-f678-678901234567', '3f4a5b6c-7d8e-9f0a-1b2c-3d4e5f6a7b8c', 'Стандартный Дисней', 'Хороший мультфильм, но без особых инноваций.', 7),
('c4d5e6f7-a8b9-0123-4567-890123456789', 'a7b8c9d0-e1f2-3456-789a-789012345678', '8c9d0e1f-2a3b-4c5d-6e7f-8a9b0c1d2e3f', 'Свежий взгляд на сказки', 'Остроумный юмор и интересные персонажи!', 9),
('d5e6f7a8-b9c0-1234-5678-901234567890', 'b8c9d0e1-f2a3-4567-89ab-890123456789', '8c9d0e1f-2a3b-4c5d-6e7f-8a9b0c1d2e3f', 'Юмор не для всех', 'Забавный мультфильм, но некоторые шутки устарели.', 6),
('e6f7a8b9-c0d1-2345-6789-012345678903', 'e5f6a7b8-c9d0-1234-ef56-567890123456', '5d6e7f8a-9b0c-1d2e-3f4a-5b6c7d8e9f0a', 'Культовая классика', 'Веселый и оригинальный сюжет о путешествиях во времени!', 10),
('f7a8b9c0-d1e2-3456-7890-123456789013', 'f6a7b8c9-d0e1-2345-f678-678901234567', '5d6e7f8a-9b0c-1d2e-3f4a-5b6c7d8e9f0a', 'Немного устарел', 'Хороший фильм, но некоторые моменты кажутся наивными.', 7),
('b9c0d1e2-f3a4-5678-9012-345678901232', 'f2a3b4c5-d6e7-8901-2f34-23456789abcd', '2e3f4a5b-6c7d-8e9f-0a1b-2c3d4e5f6a7b', 'Слишком просто', 'Хороший семейный фильм, но сюжет довольно предсказуем.', 6),
('c0d1e2f3-a4b5-6789-0123-456789012346', 'a3b4c5d6-e7f8-9012-3f45-3456789abcde', '9f0a1b2c-3d4e-5f6a-7b8c-9d0e1f2a3b4c', 'Захватывающая история', 'Великолепный дуэт ДиКаприо и Хэнкса!', 9),
('d1e2f3a4-b5c6-7890-1234-567890123452', 'b4c5d6e7-f8a9-0123-4f56-456789abcdef', '9f0a1b2c-3d4e-5f6a-7b8c-9d0e1f2a3b4c', 'Немного затянуто', 'Интересный сюжет, но некоторые сцены можно было сократить.', 7),
('e2f3a4b5-c6d7-8901-2345-678901234563', 'c5d6e7f8-a9b0-1234-5f67-56789abcdef0', '4a5b6c7d-8e9f-0a1b-2c3d-4e5f6a7b8c9d', 'Энергичный криминал', 'Остроумный сюжет и отличный британский юмор!', 8),
('f3a4b5c6-d7e8-9012-3456-789012345672', 'd6e7f8a9-b0c1-2345-6f78-6789abcdef01', '4a5b6c7d-8e9f-0a1b-2c3d-4e5f6a7b8c9d', 'Слишком хаотично', 'Интересная задумка, но иногда сложно уследить за сюжетом.', 5),
('a4b5c6d7-e8f9-0123-4567-890123456786', 'e7f8a9b0-c1d2-3456-7f89-789abcdef012', '3d4e5f6a-7b8c-9d0e-1f2a-3b4c5d6e7f8a', 'Необычное фэнтези', 'Интересная концепция и хорошая актерская игра!', 7),
('b5c6d7e8-f9a0-1234-5678-901234567894', 'f8a9b0c1-d2e3-4567-8f90-89abcdef0123', '3d4e5f6a-7b8c-9d0e-1f2a-3b4c5d6e7f8a', 'Слабый сценарий', 'Хорошая идея, но исполнение могло быть лучше.', 5),
('c6d7e8f9-a0b1-2345-6789-012345678903', 'a9b0c1d2-e3f4-5678-9f01-9abcdef01234', '8e9f0a1b-2c3d-4e5f-6a7b-8c9d0e1f2a3b', 'Эпическая любовная история', 'Великолепные декорации и трогательный сюжет!', 9),
('d7e8f9a0-b1c2-3456-7890-123456789014', 'a1b2c3d4-e5f6-7890-abcd-ef1234567890', '8e9f0a1b-2c3d-4e5f-6a7b-8c9d0e1f2a3b', 'Слишком мелодраматично', 'Хороший фильм, но любовная линия иногда кажется наигранной.', 6),
('e8f9a0b1-c2d3-4567-8901-234567890121', 'b2c3d4e5-f6a7-8901-bcde-f23456789012', '5e6f7a8b-9c0d-1e2f-3a4b-5c6d7e8f9a0b', 'Революционный фильм', 'Новаторские спецэффекты и глубокая философия!', 10),
('f9a0b1c2-d3e4-5678-9012-345678901232', 'c3d4e5f6-a7b8-9012-cdef-345678901234', '5e6f7a8b-9c0d-1e2f-3a4b-5c6d7e8f9a0b', 'Сложная философия', 'Интересная концепция, но некоторые идеи сложны для понимания.', 7),
('a0b1c2d3-e4f5-6789-0123-456789012342', 'd4e5f6a7-b8c9-0123-def4-456789012345', '2f3a4b5c-6d7e-8f9a-0b1c-2d3e4f5a6b7c', 'Волшебное начало', 'Идеальная экранизация, погружающая в мир магии!', 9),
('b1c2d3e4-f5a6-7890-1234-567890123416', 'e5f6a7b8-c9d0-1234-ef56-567890123456', '2f3a4b5c-6d7e-8f9a-0b1c-2d3e4f5a6b7c', 'Детский фильм', 'Хорошая экранизация, но рассчитана в основном на детей.', 7),
('c2d3e4f5-a6b7-8901-2345-678901234561', 'f6a7b8c9-d0e1-2345-f678-678901234567', '1c2d3e4f-5a6b-7c8d-9e0f-1a2b3c4d5e6f', 'Мощная драма', 'Великолепная игра Эдриена Броуди и важная историческая тема!', 10),
('d3e4f5a6-b7c8-9012-3456-789012365678', 'a7b8c9d0-e1f2-3456-789a-789012345678', '1c2d3e4f-5a6b-7c8d-9e0f-1a2b3c4d5e6f', 'Тяжелое кино', 'Важный фильм, но смотреть его очень тяжело эмоционально.', 8),
('e4f5a6b7-c8d9-0123-4567-820123456789', 'b8c9d0e1-f2a3-4567-89ab-890123456789', '3e4f5a6b-7c8d-9e0f-1a2b-3c4d5e6f7a8b', 'Энергичный вестерн', 'Остроумный сценарий Тарантино и отличный экшен!', 9),
('f5a6b7c8-d9e0-1234-5648-901234567890', 'c3d4e5f6-a7b8-9012-cdef-345678901234', '3e4f5a6b-7c8d-9e0f-1a2b-3c4d5e6f7a8b', 'Слишком жестоко', 'Интересный фильм, но некоторые сцены излишне кровавые.', 7),
('a6b7c8d9-e0f1-2245-6789-072345678901', 'b8c9d0e1-f2a3-4567-89ab-890123456789', 'd4e5f6a7-8b9c-0d1e-2f3a-4b5c6d7e8f9a', 'Гениальный поворот', 'Неожиданная развязка, которая меняет все!', 9),
('c8d9e0f1-a2b3-4567-8901-234563890123', 'f2a3b4c5-d6e7-8901-2f34-23456789abcd', 'c9d0e1f2-3a4b-5c6d-7e8f-9a0b1c2d3e4f', 'Мотивирующая история', 'Великолепная история о преодолении и победе!', 9),
('d9e0f1a2-b3c4-5678-9012-315678901234', 'a3b4c5d6-e7f8-9012-3f45-3456789abcde', 'c9d0e1f2-3a4b-5c6d-7e8f-9a0b1c2d3e4f', 'Простой сюжет', 'Классика, но сюжет довольно предсказуем.', 7),
('e0f1a2b3-c4d5-6789-0123-453789012345', 'b4c5d6e7-f8a9-0123-4f56-456789abcdef', '5f4e3d2c-1b0a-9e8d-7c6b-5a4b3c2d1e0f', 'Трогательная дорожная история', 'Отличный дуэт актеров и тонкий юмор!', 8),
('f1a2b3c4-d5e6-7890-1234-567830123456', 'c5d6e7f8-a9b0-1234-5f67-56789abcdef0', '5f4e3d2c-1b0a-9e8d-7c6b-5a4b3c2d1e0f', 'Не хватило глубины', 'Хороший фильм, но тема могла быть раскрыта глубже.', 6),
('a2b3c4d5-e6f7-8901-2345-678901232567', 'd6e7f8a9-b0c1-2345-6f78-6789abcdef01', '9e8d7c6b-5a4b-3c2d-1e0f-9a8b7c6d5e4f', 'Вечная комедия', 'Шутки, которые не стареют! Настоящая классика!', 10),
('b3c4d5e6-f7a8-9012-3456-789212345678', 'e7f8a9b0-c1d2-3456-7f89-789abcdef012', '9e8d7c6b-5a4b-3c2d-1e0f-9a8b7c6d5e4f', 'Немного устарело', 'Классика советского кино, но современной молодежи может быть непонятно.', 7),
('c4d5e6f7-a8b9-0123-4567-890173456789', 'f8a9b0c1-d2e3-4567-8f90-89abcdef0123', '1d2e3f4a-5b6c-7d8e-9f0a-1b2c3d4e5f6a', 'Теплая комедия', 'Прекрасная атмосфера и искренние эмоции!', 9),
('d5e6f7a8-b9c0-1234-5678-901534567890', 'a9b0c1d2-e3f4-5678-9f01-9abcdef01234', '1d2e3f4a-5b6c-7d8e-9f0a-1b2c3d4e5f6a', 'Простой сюжет', 'Милая комедия, но сюжет довольно незамысловатый.', 6),
('e6f7a8b9-c0d1-2345-6789-011345678901', 'a1b2c3d4-e5f6-7890-abcd-ef1234567890', '8a9b0c1d-2e3f-4a5b-6c7d-8e9f0a1b2c3d', 'Шедевр комедии', 'Шутки, которые вошли в народ! Абсолютная классика!', 10),
('f7a8b9c0-d1e2-3456-7890-163456789012', 'b2c3d4e5-f6a7-8901-bcde-f23456789012', '8a9b0c1d-2e3f-4a5b-6c7d-8e9f0a1b2c3d', 'Устаревший юмор', 'Классика, но некоторые шутки могут быть непонятны молодежи.', 7),
('a8b9c0d1-e2f3-4567-8901-234564890123', 'c3d4e5f6-a7b8-9012-cdef-345678901234', '5b6c7d8e-9f0a-1b2c-3d4e-5f6a7b8c9d0e', 'Культовый фильм 90-х', 'Сильная атмосфера и великолепный саундтрек!', 9),
('b9c0d1e2-f3a4-5678-9012-325678901234', 'd4e5f6a7-b8c9-0123-def4-456789012345', '5b6c7d8e-9f0a-1b2c-3d4e-5f6a7b8c9d0e', 'Мрачная атмосфера', 'Хороший фильм, но слишком депрессивная атмосфера 90-х.', 7),
('c0d1e2f3-a4b5-6789-0125-456789012345', 'e5f6a7b8-c9d0-1234-ef56-567890123456', '2c3d4e5f-6a7b-8c9d-0e1f-2a3b4c5d6e7f', 'Эпичное продолжение', 'Отличный сиквел с запоминающимися диалогами!', 9),
('d1e2f3a4-b6c6-7890-1234-567890123456', 'f6a7b8c9-d0e1-2345-f678-678901234567', '2c3d4e5f-6a7b-8c9d-0e1f-2a3b4c5d6e7f', 'Пропагандистский', 'Хороший фильм, но некоторые моменты кажутся излишне патриотичными.', 6),
('e2f3a4b5-c6d7-8901-2345-678901232567', 'a7b8c9d0-e1f2-3456-789a-789012345678', '9d0e1f2a-3b4c-5d6e-7f8a-9b0c1d2e3f4a', 'Гениальная экранизация', 'Великолепная игра актеров и точная передача духа Булгакова!', 10),
('f3a4b6c6-d7e8-9012-3456-789012345678', 'b8c9d0e1-f2a3-4567-89ab-890123456789', '9d0e1f2a-3b4c-5d6e-7f8a-9b0c1d2e3f4a', 'Сложная сатира', 'Хорошая экранизация, но не все смогут понять сатиру Булгакова.', 7),
('a4b5c6d7-e8f9-0123-4537-890123456789', 'c3d4e5f6-a7b8-9012-cdef-345678901234', '4e5f6a7b-8c9d-0e1f-2a3b-4c5d6e7f8a9b', 'Культовая фантастика', 'Яркий мир и незабываемые персонажи!', 9),
('b5c6d7e4-f9a0-1234-5678-901234567890', 'b8c9d0e1-f2a3-4567-89ab-890123456789', '4e5f6a7b-8c9d-0e1f-2a3b-4c5d6e7f8a9b', 'Странный сюжет', 'Интересная визуальная составляющая, но сюжет довольно хаотичный.', 6),
('c6d2e8f9-a0b1-2345-6789-012345678901', 'c3d4e5f6-a7b8-9012-cdef-345678901234', '1f2a3b4c-5d6e-7f8a-9b0c-1d2e3f4a5b6c', 'Величайший фильм', 'Абсолютный шедевр кинематографа!', 10),
('d7e8f1a0-b1c2-3456-7890-123456789012', 'f2a3b4c5-d6e7-8901-2f34-23456789abcd', '1f2a3b4c-5d6e-7f8a-9b0c-1d2e3f4a5b6c', 'Сложная семейная сага', 'Великий фильм, но для полного понимания требует внимательного просмотра.', 8),
('e8f9a0b1-c2d3-2567-8901-234567890123', 'a3b4c5d6-e7f8-9012-3f45-3456789abcde', '6a7b8c9d-0e1f-2a3b-4c5d-6e7f8a9b0c1d', 'Вдохновляющая история', 'Мощный фильм о женской силе и преодолении!', 9),
('f9a0b1c3-d3e4-5678-9012-345678901234', 'b4c5d6e7-f8a9-0123-4f56-456789abcdef', '6a7b8c9d-0e1f-2a3b-4c5d-6e7f8a9b0c1d', 'Длинный фильм', 'Хорошая история, но можно было сократить некоторые сцены.', 7),
('a0b1c2d3-e4f5-6789-0123-457789012345', 'c5d6e7f8-a9b0-1234-5f67-56789abcdef0', '3b4c5d6e-7f8a-9b0c-1d2e-3f4a5b6c7d8e', 'Энергичный криминал', 'Остроумные диалоги и запутанный сюжет!', 8),
('b1c2d3e4-f5a6-7890-1234-567890423456', 'd6e7f8a9-b0c1-2345-6f78-6789abcdef01', '3b4c5d6e-7f8a-9b0c-1d2e-3f4a5b6c7d8e', 'Слишком много персонажей', 'Интересный сюжет, но сложно уследить за всеми линиями.', 6),
('c2d3e4f5-a6b7-8901-2345-678903234567', 'e7f8a9b0-c1d2-3456-7f89-789abcdef012', '8f9a0b1c-2d3e-4f5a-6b7c-8d9e0f1a2b3c', 'Эпичное продолжение', 'Великолепные визуальные эффекты и глубокий сюжет!', 9),
('d3e4f5a6-b7c8-9012-3456-784012345678', 'f8a9b0c1-d2e3-4567-8f90-89abcdef0123', '8f9a0b1c-2d3e-4f5a-6b7c-8d9e0f1a2b3c', 'Сложный мир', 'Красиво, но для понимания всех нюансов нужно знать первую часть.', 7),
('e4f5a6b7-c8d9-0123-4567-890126456789', 'a9b0c1d2-e3f4-5678-9f01-9abcdef01234', 'b2c3d4e5-6f7a-8b9c-0d1e-2f3a4b5c6d7e', 'Важный документальный', 'Фильм, который заставляет задуматься о нашем отношении к животным!', 10),
('f5a6b7c8-d9e0-1234-5628-901234567890', 'a1b2c3d4-e5f6-7890-abcd-ef1234567890', 'b2c3d4e5-6f7a-8b9c-0d1e-2f3a4b5c6d7e', 'Тяжелый для просмотра', 'Важный фильм, но смотреть его очень тяжело эмоционально.', 8),
('a6b7c8d9-e0f2-2345-6789-012345678901', 'b2c3d4e5-f6a7-8901-bcde-f23456789012', 'c3d4e5f6-7a8b-9c0d-1e2f-3a4b5c6d7e8f', 'Трогательная короткометражка', 'Милая история с хорошим посылом!', 8),
('b2c8d9e0-f1a2-3456-7890-123456789012', 'c3d4e5f6-a7b8-9012-cdef-345678901234', 'c3d4e5f6-7a8b-9c0d-1e2f-3a4b5c6d7e8f', 'Слишком коротко', 'Интересная идея, но хотелось бы больше развития сюжета.', 6),
('c8d9e0f1-a2b3-4567-8201-234567890123', 'd4e5f6a7-b8c9-0123-def4-456789012345', 'e5f6a7b8-9c0d-1e2f-3a4b-5c6d7e8f9a0b', 'Великий мюзикл', 'Нестареющая классика с великолепными танцами!', 9),
('d9e0f1a2-b3c4-5628-9012-345678901234', 'e5f6a7b8-c9d0-1234-ef56-567890123456', 'e5f6a7b8-9c0d-1e2f-3a4b-5c6d7e8f9a0b', 'Устаревший стиль', 'Классика жанра, но современному зрителю может показаться старомодным.', 7),
('e0f1a2b3-c4d5-6789-0123-452789012345', 'f6a7b8c9-d0e1-2345-f678-678901234567', 'f6a7b8c9-0d1e-2f3a-4b5c-6d7e8f9a0b1c', 'Захватывающие приключения', 'Отличный экшен и незабываемый главный герой!', 9),
('f1a2b3c4-d5e6-7890-1634-567890123456', 'a7b8c9d0-e1f2-3456-789a-789012345678', 'f6a7b8c9-0d1e-2f3a-4b5c-6d7e8f9a0b1c', 'Предсказуемый сюжет', 'Классика приключенческого кино, но сюжет довольно стандартный.', 7),
('a2b3c4d1-e6f7-8901-2345-678901234567', 'b8c9d0e1-f2a3-4567-89ab-890123456789', 'a7b8c9d0-1e2f-3a4b-5c6d-7e8f9a0b1c2d', 'Теплая рождественская история', 'Множество интересных сюжетных линий!', 8),
('b3c4d5e6-f7a8-9012-3456-739012345678', 'f6a7b8c9-d0e1-2345-f678-678901234567', 'a7b8c9d0-1e2f-3a4b-5c6d-7e8f9a0b1c2d', 'Слишком много персонажей', 'Интересная задумка, но некоторые истории недораскрыты.', 6),
('c4d5e6f7-a8b9-0123-4567-890143456789', 'b8c9d0e1-f2a3-4567-89ab-890123456789', 'b8c9d0e1-2f3a-4b5c-6d7e-8f9a0b1c2d3e', 'Веселая рождественская комедия', 'Шутки, которые смешны в любом возрасте!', 9),
('d5e6f7a8-b9c0-1234-5178-901234567890', 'c3d4e5f6-a7b8-9012-cdef-345678901234', 'b8c9d0e1-2f3a-4b5c-6d7e-8f9a0b1c2d3e', 'Детский юмор', 'Забавный фильм, но рассчитан в основном на детскую аудиторию.', 6),
('e6f7a8b9-c0d1-2345-6189-012345678901', 'f2a3b4c5-d6e7-8901-2f34-23456789abcd', 'd0e1f2a3-4b5c-6d7e-8f9a-0b1c2d3e4f5a', 'Жуткий хоррор', 'Атмосфера безумия, которая проникает в душу!', 9),
('f7a8b9c0-d1e2-3456-7190-123456789012', 'a3b4c5d6-e7f8-9012-3f45-3456789abcde', 'd0e1f2a3-4b5c-6d7e-8f9a-0b1c2d3e4f5a', 'Медленный хоррор', 'Классика жанра, но современному зрителю может показаться слишком медленным.', 7),
('a8b9c0d1-e2f3-4567-8101-234567890123', 'b4c5d6e7-f8a9-0123-4f56-456789abcdef', '9a0b1c2d-3e4f-5a6b-7c8d-9e0f1a2b3c4d', 'Напряженный детектив', 'Отличная атмосфера военного времени и интересный сюжет!', 9), 
('b9c0d1e2-f3a4-5678-9032-345678901234', 'c5d6e7f8-a9b0-1234-5f67-56789abcdef0', '4b5c6d7e-8f9a-0b1c-2d3e-4f5a6b7c8d9e', 'Трагическая история', 'Мощный фильм о женском героизме во время войны!', 10),
('c0d1e2f3-a4b5-6789-0124-456789012345', 'd6e7f8a9-b0c1-2345-6f78-6789abcdef01', '6d7e8f9a-0b1c-2d3e-4f5a-6b7c8d9e0f1a', 'Шокирующая правда', 'Фильм, который невозможно забыть. Важная работа о ужасах войны.', 10),
('d1e2f3a4-b5c6-7890-1634-567890123456', 'e7f8a9b0-c1d2-3456-7f89-789abcdef012', '6c7d8e9f-0a1b-2c3d-4e5f-6a7b8c9d0e1f', 'Веселая комедия', 'Отличный юмор и незабываемые персонажи!', 9),
('e2f3a4b5-c6d7-8901-2325-678901234567', 'f8a9b0c1-d2e3-4567-8f90-89abcdef0123', '1b2c3d4e-5f6a-7b8c-9d0e-1f2a3b4c5d6e', 'Трогательная история', 'Фильм, который заставляет плакать! Невероятно трогательно!', 9),
('f3a4b5c6-d7e8-9012-3476-789012345678', 'a9b0c1d2-e3f4-5678-9f01-9abcdef01234', '1b2c3d4e-5f6a-7b8c-9d0e-1f2a3b4c5d6e', 'Слишком сентиментально', 'Трогательная история, но иногда кажется слишком слезливой.', 6);


INSERT INTO film_feedback (id, user_id, film_id, rating) VALUES
('a0b1c2d3-e4f5-6789-abcd-ef0123456790', 'd4e5f6a7-b8c9-0123-def4-456789012345', 'f47ac10b-58cc-0372-8567-0e02b2c3d479', 8),
('c2d3e4f5-a6b7-8901-cdef-012345678902', 'b2c3d4e5-f6a7-8901-bcde-f23456789012', '6ba7b810-9dad-11d1-80b4-00c04fd430c8', 9),
('e4f5a6b7-c8d9-0123-ef01-234567890124', 'b8c9d0e1-f2a3-4567-89ab-890123456789', '550e8400-e29b-41d4-a716-446655440000', 7),
('a6b7c8d9-e0f1-2345-6789-012345678902', 'b8c9d0e1-f2a3-4567-89ab-890123456789', '67e55044-10b1-426f-9247-bb680e5fe0c8', 8),
('c8d9e0f1-a2b3-4567-8901-234567890125', 'b8c9d0e1-f2a3-4567-89ab-890123456789', 'c9bf9e57-1685-4c89-bafb-ff5af830be8a', 9),
('e0f1a2b3-c4d5-6789-0123-456789012346', 'a3b4c5d6-e7f8-9012-3f45-3456789abcde', 'a3bb189e-8bf9-3888-9912-6c2d5c7c5b9a', 7),
('a2b3c4d5-e6f7-8901-2345-678901234568', 'e5f6a7b8-c9d0-1234-ef56-567890123456', '1b9d6bcd-bbfd-4b2d-9b5d-ab8dfbbd4bed', 9),
('c4d5e6f7-a8b9-0123-4567-890123456790', 'f2a3b4c5-d6e7-8901-2f34-23456789abcd', '9f4e7a7c-8c5a-4e5a-9f3e-6e8a9b9c8d7e', 8),
('e6f7a8b9-c0d1-2345-6789-012345678902', 'a9b0c1d2-e3f4-5678-9f01-9abcdef01234', '3f7a5c2e-1e4a-4c8e-9e2a-7b8c9d0e1f2a', 7),
('a8b9c0d1-e2f3-4567-8901-234567890126', 'b8c9d0e1-f2a3-4567-89ab-890123456789', '8e7c5a2b-4e1a-9c8e-2a7b-1c8d9e0f2a3b', 7),
('c0d1e2f3-a4b5-6789-0123-456789012347', 'b8c9d0e1-f2a3-4567-89ab-890123456789', '5d4c3b2a-1e9f-8c7e-6a5b-4c3d2e1f0a9b', 8),
('e2f3a4b5-c6d7-8901-2345-678901234569', 'b8c9d0e1-f2a3-4567-89ab-890123456789', '2b3c4d5e-6f7a-8b9c-0d1e-2f3a4b5c6d7e', 7),
('a4b5c6d7-e8f9-0123-4567-890123456791', 'c5d6e7f8-a9b0-1234-5f67-56789abcdef0', '9a8b7c6d-5e4f-3a2b-1c0d-9e8f7a6b5c4d', 6),
('c6d7e8f9-a0b1-2745-6789-012345678903', 'f6a7b8c9-d0e1-2345-f678-678901234567', '4d5c6b7a-8e9f-0a1b-2c3d-4e5f6a7b8c9d', 8),
('e8f9a0b1-c2d3-4567-8901-234567890127', 'c3d4e5f6-a7b8-9012-cdef-345678901234', '1a2b3c4d-5e6f-7a8b-9c0d-1e2f3a4b5c6d', 7),
('a0b1c2d3-e4f5-6789-0123-456789012348', 'c3d4e5f6-a7b8-9012-cdef-345678901234', '7e6d5c4b-3a2b-1c0d-9e8f-7a6b5c4d3e2f', 6),
('c2d3e4f5-a6b7-8901-2345-678901234570', 'f6a7b8c9-d0e1-2345-f678-678901234567', '3e4d5c6b-7a8b-9c0d-1e2f-3a4b5c6d7e8f', 8),
('e4f5a6b7-c8d9-0123-4567-890123456792', 'f2a3b4c5-d6e7-8901-2f34-23456789abcd', '8f7e6d5c-4b3a-2b1c-0d9e-8f7a6b5c4d3e', 8),
('a6b7c8d9-e0f1-2345-6789-012345678903', 'b4c5d6e7-f8a9-0123-4f56-456789abcdef', '2d3e4f5a-6b7c-8d9e-0f1a-2b3c4d5e6f7a', 8),
('c8d9e0f1-a2b3-4567-8901-234567890128', 'a9b0c1d2-e3f4-5678-9f01-9abcdef01234', '4c5d6e7f-8a9b-0c1d-2e3f-4a5b6c7d8e9f', 9),
('e0f1a2b3-c4d5-6789-0123-456789012349', 'b8c9d0e1-f2a3-4567-89ab-890123456789', '6e7f8a9b-0c1d-2e3f-4a5b-6c7d8e9f0a1b', 9),
('a2b3c4d5-e6f7-8901-2345-678901234571', 'b8c9d0e1-f2a3-4567-89ab-890123456789', '3f4a5b6c-7d8e-9f0a-1b2c-3d4e5f6a7b8c', 8),
('c4d5e6f7-a8b9-0123-4567-890123456793', 'f6a7b8c9-d0e1-2345-f678-678901234567', '8c9d0e1f-2a3b-4c5d-6e7f-8a9b0c1d2e3f', 7),
('e6f7a8b9-c0d1-2345-6789-012345678904', 'c3d4e5f6-a7b8-9012-cdef-345678901234', '5d6e7f8a-9b0c-1d2e-3f4a-5b6c7d8e9f0a', 8),
('a8b9c0d1-e2f3-4567-8901-234567890129', 'e5f6a7b8-c9d0-1234-ef56-567890123456', '2e3f4a5b-6c7d-8e9f-0a1b-2c3d4e5f6a7b', 7),
('c0d1e2f3-a4b5-6789-0123-456789012350', 'f2a3b4c5-d6e7-8901-2f34-23456789abcd', '9f0a1b2c-3d4e-5f6a-7b8c-9d0e1f2a3b4c', 8),
('e2f3a4b5-c6d7-8901-2345-678901234572', 'b8c9d0e1-f2a3-4567-89ab-890123456789', '4a5b6c7d-8e9f-0a1b-2c3d-4e5f6a7b8c9d', 6),
('a4b5c6d7-e8f9-0123-4567-890123456794', 'b4c5d6e7-f8a9-0123-4f56-456789abcdef', '3d4e5f6a-7b8c-9d0e-1f2a-3b4c5d6e7f8a', 6),
('c6d7e8f9-a0b1-2375-6789-012345678905', 'b2c3d4e5-f6a7-8901-bcde-f23456789012', '8e9f0a1b-2c3d-4e5f-6a7b-8c9d0e1f2a3b', 7),
('e8f9a0b1-c2d3-4567-8901-234567890130', 'd4e5f6a7-b8c9-0123-def4-456789012345', '5e6f7a8b-9c0d-1e2f-3a4b-5c6d7e8f9a0b', 8),
('a0b1c2d3-e4f5-6789-0123-456789012351', 'f6a7b8c9-d0e1-2345-f678-678901234567', '2f3a4b5c-6d7e-8f9a-0b1c-2d3e4f5a6b7c', 8),
('c2d3e4f5-a6b7-8901-2345-678901234573', 'e5f6a7b8-c9d0-1234-ef56-567890123456', '1c2d3e4f-5a6b-7c8d-9e0f-1a2b3c4d5e6f', 9),
('e4f5a6b7-c8d9-0123-4567-890123456795', 'a3b4c5d6-e7f8-9012-3f45-3456789abcde', '3e4f5a6b-7c8d-9e0f-1a2b-3c4d5e6f7a8b', 8),
('a6b7c8d9-e0f1-2345-6789-012345678906', 'a3b4c5d6-e7f8-9012-3f45-3456789abcde', 'd4e5f6a7-8b9c-0d1e-2f3a-4b5c6d7e8f9a', 8),
('c8d9e0f1-a2b3-4567-8901-234567890131', 'b8c9d0e1-f2a3-4567-89ab-890123456789', 'c9d0e1f2-3a4b-5c6d-7e8f-9a0b1c2d3e4f', 8),
('e0f1a2b3-c4d5-6789-0123-456789012352', 'c3d4e5f6-a7b8-9012-cdef-345678901234', '5f4e3d2c-1b0a-9e8d-7c6b-5a4b3c2d1e0f', 7),
('a2b3c4d5-e6f7-8901-2345-678901234574', 'f2a3b4c5-d6e7-8901-2f34-23456789abcd', '9e8d7c6b-5a4b-3c2d-1e0f-9a8b7c6d5e4f', 8),
('c4d5e6f7-a8b9-0123-4567-890123456796', 'a3b4c5d6-e7f8-9012-3f45-3456789abcde', '1d2e3f4a-5b6c-7d8e-9f0a-1b2c3d4e5f6a', 7),
('e6f7a8b9-c0d1-2345-6789-012345678907', 'b4c5d6e7-f8a9-0123-4f56-456789abcdef', '8a9b0c1d-2e3f-4a5b-6c7d-8e9f0a1b2c3d', 8),
('a8b9c0d1-e2f3-4567-8901-234567890132', 'c5d6e7f8-a9b0-1234-5f67-56789abcdef0', '5b6c7d8e-9f0a-1b2c-3d4e-5f6a7b8c9d0e', 8),
('c0d1e2f3-a4b5-6789-0123-456789012353', 'd6e7f8a9-b0c1-2345-6f78-6789abcdef01', '2c3d4e5f-6a7b-8c9d-0e1f-2a3b4c5d6e7f', 7),
('e2f3a4b5-c6d7-8901-2345-678901234575', 'e7f8a9b0-c1d2-3456-7f89-789abcdef012', '9d0e1f2a-3b4c-5d6e-7f8a-9b0c1d2e3f4a', 9),
('a4b5c6d7-e8f9-0123-4567-890123456797', 'f8a9b0c1-d2e3-4567-8f90-89abcdef0123', '4e5f6a7b-8c9d-0e1f-2a3b-4c5d6e7f8a9b', 7),
('c6d7e8f9-a0b1-2345-6729-012345678908', 'a9b0c1d2-e3f4-5678-9f01-9abcdef01234', '1f2a3b4c-5d6e-7f8a-9b0c-1d2e3f4a5b6c', 9),
('e8f9a0b1-c2d3-4567-8901-234567890133', 'f6a7b8c9-d0e1-2345-f678-678901234567', '6a7b8c9d-0e1f-2a3b-4c5d-6e7f8a9b0c1d', 8),
('a0b1c2d3-e4f5-6789-0123-456789012354', 'b2c3d4e5-f6a7-8901-bcde-f23456789012', '3b4c5d6e-7f8a-9b0c-1d2e-3f4a5b6c7d8e', 7),
('c2d3e4f5-a6b7-8901-2345-678901234576', 'c3d4e5f6-a7b8-9012-cdef-345678901234', '8f9a0b1c-2d3e-4f5a-6b7c-8d9e0f1a2b3c', 8),
('e4f5a6b7-c8d9-0123-4567-890123456798', 'd4e5f6a7-b8c9-0123-def4-456789012345', 'b2c3d4e5-6f7a-8b9c-0d1e-2f3a4b5c6d7e', 9),
('a6b7c8d9-e0f1-2345-6789-012345678909', 'e5f6a7b8-c9d0-1234-ef56-567890123456', 'c3d4e5f6-7a8b-9c0d-1e2f-3a4b5c6d7e8f', 7),
('c8d9e0f1-a2b3-4567-8901-234567890134', 'f6a7b8c9-d0e1-2345-f678-678901234567', 'e5f6a7b8-9c0d-1e2f-3a4b-5c6d7e8f9a0b', 8),
('e0f1a2b3-c4d5-6789-0123-456789012355', 'b8c9d0e1-f2a3-4567-89ab-890123456789', 'f6a7b8c9-0d1e-2f3a-4b5c-6d7e8f9a0b1c', 8),
('a2b3c4d5-e6f7-8901-2345-678901234577', 'c3d4e5f6-a7b8-9012-cdef-345678901234', 'a7b8c9d0-1e2f-3a4b-5c6d-7e8f9a0b1c2d', 7),
('c4d5e6f7-a8b9-0123-4567-890123456799', 'a3b4c5d6-e7f8-9012-3f45-3456789abcde', 'b8c9d0e1-2f3a-4b5c-6d7e-8f9a0b1c2d3e', 7),
('e6f7a8b9-c0d1-2345-6789-012345678910', 'b8c9d0e1-f2a3-4567-89ab-890123456789', 'd0e1f2a3-4b5c-6d7e-8f9a-0b1c2d3e4f5a', 8),
('a8b9c0d1-e2f3-4567-8901-234567890135', 'c3d4e5f6-a7b8-9012-cdef-345678901234', '9a0b1c2d-3e4f-5a6b-7c8d-9e0f1a2b3c4d', 9),
('c0d1e2f3-a4b5-6789-0123-456789012356', 'f2a3b4c5-d6e7-8901-2f34-23456789abcd', '4b5c6d7e-8f9a-0b1c-2d3e-4f5a6b7c8d9e', 10),
('e2f3a4b5-c6d7-8901-2345-678901234578', 'a3b4c5d6-e7f8-9012-3f45-3456789abcde', '6d7e8f9a-0b1c-2d3e-4f5a-6b7c8d9e0f1a', 10),
('a4b5c6d7-e8f9-0123-4567-890123456800', 'b4c5d6e7-f8a9-0123-4f56-456789abcdef', '6c7d8e9f-0a1b-2c3d-4e5f-6a7b8c9d0e1f', 8),
('c6d7e8f9-a0b1-2345-6729-012345678911', 'c5d6e7f8-a9b0-1234-5f67-56789abcdef0', '1b2c3d4e-5f6a-7b8c-9d0e-1f2a3b4c5d6e', 8);


INSERT INTO actor (id, russian_name, original_name, photo, height, birth_date, death_date, zodiac_sign, birth_place, marital_status) VALUES
('f47ac10b-58cc-0372-8567-0e02b2c3d479', 'Франсуа Клюзе', 'François Cluzet', 'actors/pic1.png', 178, '1955-09-21', NULL, 'Дева', 'Париж, Франция', 'Женат'),
('6ba7b810-9dad-11d1-80b4-00c04fd430c8', 'Мэттью Макконахи', 'Matthew McConaughey', 'actors/pic2.png', 182, '1969-11-04', NULL, 'Скорпион', 'Увалде, Техас, США', 'Женат'),
('550e8400-e29b-41d4-a716-446655440000', 'Тим Роббинс', 'Tim Robbins', 'actors/pic3.png', 196, '1958-10-16', NULL, 'Весы', 'Уэст-Ковина, Калифорния, США', 'В отношениях'),
('67e55044-10b1-426f-9247-bb680e5fe0c8', 'Чарли Ханнэм', 'Charlie Hunnam', 'actors/pic4.png', 185, '1980-04-10', NULL, 'Овен', 'Ньюкасл-апон-Тайн, Англия', 'Женат'),
('c9bf9e57-1685-4c89-bafb-ff5af830be8a', 'Майкл Кларк Дункан', 'Michael Clarke Duncan', 'actors/pic5.png', 196, '1957-12-10', '2012-09-03', 'Стрелец', 'Чикаго, Иллинойс, США', 'Не был женат'),
('a3bb189e-8bf9-3888-9912-6c2d5c7c5b9a', 'Леонардо ДиКаприо', 'Leonardo DiCaprio', 'actors/pic6.png', 183, '1974-11-11', NULL, 'Скорпион', 'Лос-Анджелес, Калифорния, США', 'Не женат'),
('1b9d6bcd-bbfd-4b2d-9b5d-ab8dfbbd4bed', 'Вигго Мортенсен', 'Viggo Mortensen', 'actors/pic7.png', 180, '1958-10-20', NULL, 'Весы', 'Уотертаун, Нью-Йорк, США', 'В отношениях'),
('9f4e7a7c-8c5a-4e5a-9f3e-6e8a9b9c8d7e', 'Том Хэнкс', 'Tom Hanks', 'actors/pic8.png', 183, '1956-07-09', NULL, 'Рак', 'Конкорд, Калифорния, США', 'Женат'),
('3f7a5c2e-1e4a-4c8e-9e2a-7b8c9d0e1f2a', 'Арнольд Шварценеггер', 'Arnold Schwarzenegger', '/actors/pic9.png', 188, '1947-07-30', NULL, 'Лев', 'Таль, Австрия', 'Разведен'),
('8e7c5a2b-4e1a-9c8e-2a7b-1c8d9e0f2a3b', 'Махершала Али', 'Mahershala Ali', '/actors/pic10.png', 188, '1974-02-16', NULL, 'Водолей', 'Окленд, Калифорния, США', 'Женат'),
('5d4c3b2a-1e9f-8c7e-6a5b-4c3d2e1f0a9b', 'Элайджа Вуд', 'Elijah Wood', '/actors/pic11.png', 168, '1981-01-28', NULL, 'Водолей', 'Сидар-Рапидс, Айова, США', 'Не женат'),
('2b3c4d5e-6f7a-8b9c-0d1e-2f3a4b5c6d7e', 'Руми Хиираги', 'Rumi Hiiragi', '/actors/pic12.png', 158, '1987-08-01', NULL, 'Лев', 'Токио, Япония', 'Замужем'),
('9a8b7c6d-5e4f-3a2b-1c0d-9e8f7a6b5c4d', 'Брэд Питт', 'Brad Pitt', '/actors/pic13.png', 180, '1963-12-18', NULL, 'Стрелец', 'Шауни, Оклахома, США', 'Разведен'),
('4d5c6b7a-8e9f-0a1b-2c3d-4e5f6a7b8c9d', 'Рассел Кроу', 'Russell Crowe', '/actors/pic14.png', 182, '1964-04-07', NULL, 'Овен', 'Веллингтон, Новая Зеландия', 'Женат'),
('1a2b3c4d-5e6f-7a8b-9c0d-1e2f3a4b5c6d', 'Джозеф Гордон-Левитт', 'Joseph Gordon-Levitt', '/actors/pic15.png', 176, '1981-02-17', NULL, 'Водолей', 'Лос-Анджелес, Калифорния, США', 'Женат'),
('7e6d5c4b-3a2b-1c0d-9e8f-7a6b5c4d3e2f', 'Джон Траволта', 'John Travolta', '/actors/pic16.png', 188, '1954-02-18', NULL, 'Водолей', 'Энглвуд, Нью-Джерси, США', 'Женат'),
('3e4d5c6b-7a8b-9c0d-1e2f-3a4b5c6d7e8f', 'Кларк Гейбл', 'Clark Gable', '/actors/pic17.png', 185, '1901-02-01', '1960-11-16', 'Водолей', 'Кэдис, Огайо, США', 'Был женат'),
('8f7e6d5c-4b3a-2b1c-0d9e-8f7a6b5c4d3e', 'Шон Эстин', 'Sean Astin', '/actors/pic18.png', 168, '1971-02-25', NULL, 'Рыбы', 'Санта-Моника, Калифорния, США', 'Женат'),
('5f4e3d2c-1b0a-9e8d-7c6b-5a4b3c2d1e0f', 'Тиль Швайгер', 'Til Schweiger', '/actors/pic19.png', 182, '1963-12-19', NULL, 'Стрелец', 'Фрайбург, ФРГ', 'Не женат'),
('2d3e4f5a-6b7c-8d9e-0f1a-2b3c4d5e6f7a', 'Жан Рено', 'Jean Reno', '/actors/pic20.png', 188, '1948-07-30', NULL, 'Лев', 'Касабланка, Марокко', 'Женат'),
('9e8d7c6b-5a4b-3c2d-1e0f-9a8b7c6d5e4f', 'Александр Демьяненко', NULL, '/actors/pic21.png', 178, '1937-05-30', '1999-08-22', 'Близнецы', 'Свердловск, СССР', 'Был женат'),
('4c5d6e7f-8a9b-0c1d-2e3f-4a5b6c7d8e9f', 'Лиам Нисон', 'Liam Neeson', '/actors/pic22.png', 193, '1952-06-07', NULL, 'Близнецы', 'Баллимина, Северная Ирландия', 'Вдовец'),
('1d2e3f4a-5b6c-7d8e-9f0a-1b2c3d4e5f6a', 'Надежда Румянцева', NULL, '/actors/pic23.png', 162, '1930-09-09', '2008-04-08', 'Дева', 'Поти, СССР', 'Была замужем'),
('6e7f8a9b-0c1d-2e3f-4a5b-6c7d8e9f0a1b', 'Кристиан Бейл', 'Christian Bale', '/actors/pic24.png', 183, '1974-01-30', NULL, 'Водолей', 'Хаверфордуэст, Уэльс', 'Женат'),
('3f4a5b6c-7d8e-9f0a-1b2c-3d4e5f6a7b8c', 'Энтони Гонсалес', 'Anthony Gonzalez', '/actors/pic25.png', 155, '2004-09-23', NULL, 'Весы', 'Лос-Анджелес, Калифорния, США', 'Не женат'),
('8a9b0c1d-2e3f-4a5b-6c7d-8e9f0a1b2c3d', 'Юрий Никулин', NULL, '/actors/pic26.png', 176, '1921-12-18', '1997-08-21', 'Стрелец', 'Демидов, СССР', 'Был женат'),
('5b6c7d8e-9f0a-1b2c-3d4e-5f6a7b8c9d0e', 'Сергей Бодров', NULL, '/actors/pic27.png', 178, '1971-12-27', '2002-09-20', 'Козерог', 'Москва, СССР', 'Был женат'),
('2c3d4e5f-6a7b-8c9d-0e1f-2a3b4c5d6e7f', 'Виктор Сухоруков', NULL, '/actors/pic28.png', 169, '1951-11-10', NULL, 'Скорпион', 'Орехово-Зуево, СССР', 'Не женат'),
('9d0e1f2a-3b4c-5d6e-7f8a-9b0c1d2e3f4a', 'Евгений Евстигнеев', NULL, '/actors/pic29.png', 178, '1926-10-09', '1992-03-04', 'Весы', 'Нижний Новгород, СССР', 'Был женат'),
('4e5f6a7b-8c9d-0e1f-2a3b-4c5d6e7f8a9b', 'Брюс Уиллис', 'Bruce Willis', '/actors/pic30.png', 183, '1955-03-19', NULL, 'Рыбы', 'Айдар-Оберштайн, ФРГ', 'Разведен'),
('1f2a3b4c-5d6e-7f8a-9b0c-1d2e3f4a5b6c', 'Марлон Брандо', 'Marlon Brando', '/actors/pic31.png', 175, '1924-04-03', '2004-07-01', 'Овен', 'Омаха, Небраска, США', 'Был женат'),
('6a7b8c9d-0e1f-2a3b-4c5d-6e7f8a9b0c1d', 'Аамир Хан', 'Aamir Khan', '/actors/pic32.png', 165, '1965-03-14', NULL, 'Рыбы', 'Мумбаи, Индия', 'Женат'),
('3b4c5d6e-7f8a-9b0c-1d2e-3f4a5b6c7d8e', 'Джейсон Стэйтем', 'Jason Statham', '/actors/pic33.png', 178, '1967-07-26', NULL, 'Лев', 'Шордитч, Лондон, Англия', 'В отношениях'),
('8c9d0e1f-2a3b-4c5d-6e7f-8a9b0c1d2e3f', 'Майк Майерс', 'Mike Myers', '/actors/pic34.png', 175, '1963-05-25', NULL, 'Близнецы', 'Скарборо, Онтарио, Канада', 'Женат'),
('5d6e7f8a-9b0c-1d2e-3f4a-5b6c7d8e9f0a', 'Майкл Джей Фокс', 'Michael J. Fox', '/actors/pic35.png', 163, '1961-06-09', NULL, 'Близнецы', 'Эдмонтон, Канада', 'Женат'),
('2e3f4a5b-6c7d-8e9f-0a1b-2c3d4e5f6a7b', 'Лупита Нионго', 'Lupita Nyong''o', '/actors/pic36.png', 165, '1983-03-01', NULL, 'Рыбы', 'Мехико, Мексика', 'Не замужем'),
('9f0a1b2c-3d4e-5f6a-7b8c-9d0e1f2a3b4c', 'Кристофер Уокен', 'Christopher Walken', '/actors/pic37.png', 183, '1943-03-31', NULL, 'Овен', 'Нью-Йорк, США', 'Женат'),
('4a5b6c7d-8e9f-0a1b-2c3d-4e5f6a7b8c9d', 'Джейсон Флеминг', 'Jason Flemyng', '/actors/pic38.png', 178, '1966-09-25', NULL, 'Весы', 'Лондон, Англия', 'Женат'),
('1b2c3d4e-5f6a-7b8c-9d0e-1f2a3b4c5d6e', 'Ричард Гир', 'Richard Gere', '/actors/pic39.png', 178, '1949-08-31', NULL, 'Дева', 'Филадельфия, Пенсильвания, США', 'Женат'),
('6c7d8e9f-0a1b-2c3d-4e5f-6a7b8c9d0e1f', 'Наталья Варлей', NULL, '/actors/pic40.png', 150, '1947-06-22', NULL, 'Рак', 'Констанца, Румыния', 'Разведена'),
('3d4e5f6a-7b8c-9d0e-1f2a-3b4c5d6e7f8a', 'Джеймс Марсден', 'James Marsden', '/actors/pic41.png', 184, '1973-09-18', NULL, 'Дева', 'Стиллуотер, Оклахома, США', 'Не женат'),
('8e9f0a1b-2c3d-4e5f-6a7b-8c9d0e1f2a3b', 'Кейт Уинслет', 'Kate Winslet', '/actors/pic42.png', 169, '1975-10-05', NULL, 'Весы', 'Рединг, Беркшир, Англия, Великобритания', 'Замужем'),
('5e6f7a8b-9c0d-1e2f-3a4b-5c6d7e8f9a0b', 'Киану Ривз', 'Keanu Reeves', '/actors/pic43.png', 186, '1964-09-02', NULL, 'Дева', 'Бейрут, Ливан', 'Не женат'),
('2f3a4b5c-6d7e-8f9a-0b1c-2d3e4f5a6b7c', 'Дэниел Рэдклифф', 'Daniel Radcliffe', '/actors/pic44.png', 165, '1989-07-23', NULL, 'Лев', 'Лондон, Англия', 'Женат'),
('9a0b1c2d-3e4f-5a6b-7c8d-9e0f1a2b3c4d', 'Евгений Миронов', NULL, '/actors/pic45.png', 178, '1966-11-29', NULL, 'Стрелец', 'Саратов, СССР', 'Женат'),
('4b5c6d7e-8f9a-0b1c-2d3e-4f5a6b7c8d9e', 'Андрей Мартынов', NULL, '/actors/pic46.png', 178, '1945-10-24', NULL, 'Скорпион', 'Москва, СССР', 'Женат'),
('1c2d3e4f-5a6b-7c8d-9e0f-1a2b3c4d5e6f', 'Эдриан Броуди', 'Adrien Brody', '/actors/pic47.png', 186, '1973-04-14', NULL, 'Овен', 'Нью-Йорк, США', 'Не женат'),
('6d7e8f9a-0b1c-2d3e-4f5a-6b7c8d9e0f1a', 'Алексей Кравченко', NULL, '/actors/pic48.png', 178, '1969-10-10', NULL, 'Весы', 'Москва, СССР', 'Женат'),
('3e4f5a6b-7c8d-9e0f-1a2b-3c4d5e6f7a8b', 'Джейми Фокс', 'Jamie Foxx', '/actors/pic49.png', 175, '1967-12-13', NULL, 'Стрелец', 'Террелл, Техас, США', 'Не женат'),
('8f9a0b1c-2d3e-4f5a-6b7c-8d9e0f1a2b3c', 'Тимоти Шаламе', 'Timothée Chalamet', '/actors/pic50.png', 178, '1995-12-27', NULL, 'Козерог', 'Нью-Йорк, США', 'Не женат'),
('a47ec10b-58cc-0372-8567-0e02b2c3d528', 'Хью Грант', 'Hugh Grant', '/actors/pic51.png', 180, '1960-09-09', NULL, 'Дева', 'Лондон, Англия', 'Женат'),
('b47ec10b-58cc-0372-8567-0e02b2c3d529', 'Кира Найтли', 'Keira Knightley', '/actors/pic52.png', 170, '1985-03-26', NULL, 'Овен', 'Теддингтон, Англия', 'Замужем'),
('d47ec10b-58cc-0372-8567-0e02b2c3d531', 'Маколей Калкин', 'Macaulay Culkin', '/actors/pic53.png', 170, '1980-08-26', NULL, 'Дева', 'Нью-Йорк, США', 'Не женат'),
('e47ec10b-58cc-0372-8567-0e02b2c3d532', 'Джо Пеши', 'Joe Pesci', '/actors/pic54.png', 160, '1943-02-09', NULL, 'Водолей', 'Ньюарк, Нью-Джерси, США', 'Женат'),
('f47ec10b-58cc-0372-8567-0e02b2c3d533', 'Дэниел Стерн', 'Daniel Stern', '/actors/pic55.png', 191, '1957-08-28', NULL, 'Дева', 'Бетесда, Мэриленд, США', 'Женат'),
('047fc10b-58cc-0372-8567-0e02b2c3d534', 'Джек Николсон', 'Jack Nicholson', '/actors/pic56.png', 177, '1937-04-22', NULL, 'Телец', 'Нью-Йорк, США', 'Разведен'),
('147fc10b-58cc-0372-8567-0e02b2c3d535', 'Шелли Дюваль', 'Shelley Duvall', '/actors/pic57.png', 170, '1949-07-07', NULL, 'Рак', 'Хьюстон, Техас, США', 'Не замужем'),
('247fc10b-58cc-0372-8567-0e02b2c3d536', 'Дэнни Ллойд', 'Danny Lloyd', '/actors/pic58.png', 175, '1972-10-01', NULL, 'Весы', 'Чикаго, Иллинойс, США', 'Женат'),
('347fc10b-58cc-0372-8567-0e02b2c3d537', 'Хоакин Феникс', 'Joaquin Phoenix', '/actors/pic59.png', 173, '1974-10-28', NULL, 'Скорпион', 'Сан-Хуан, Пуэрто-Рико', 'Женат'),
('447fc10b-58cc-0372-8567-0e02b2c3d538', 'Джейкоб Тремблей', 'Jacob Tremblay', '/actors/pic60.png', 155, '2006-10-05', NULL, 'Весы', 'Ванкувер, Канада', 'Не женат'),
('547fc10b-58cc-0372-8567-0e02b2c3d539', 'Джин Келли', 'Gene Kelly', '/actors/pic61.png', 171, '1912-08-23', '1996-02-02', 'Дева', 'Питтсбург, Пенсильвания, США', 'Был женат'),
('647fc10b-58cc-0372-8567-0e02b2c3d540', 'Дебби Рейнольдс', 'Debbie Reynolds', '/actors/pic62.png', 157, '1932-04-01', '2016-12-28', 'Овен', 'Эль-Пасо, Техас, США', 'Была замужем'),
('747fc10b-58cc-0372-8567-0e02b2c3d541', 'Дональд О''Коннор', 'Donald O''Connor', '/actors/pic63.png', 173, '1925-08-28', '2003-09-27', 'Дева', 'Чикаго, Иллинойс, США', 'Был женат'),
('847fc10b-58cc-0372-8567-0e02b2c3d542', 'Харрисон Форд', 'Harrison Ford', '/actors/pic64.png', 185, '1942-07-13', NULL, 'Рак', 'Чикаго, Иллинойс, США', 'Женат'),
('947fc10b-58cc-0372-8567-0e02b2c3d543', 'Карен Аллен', 'Karen Allen', '/actors/pic65.png', 163, '1951-10-05', NULL, 'Весы', 'Кэрролтон, Иллинойс, США', 'Разведена'),
('a47fc10b-58cc-0372-8567-0e02b2c3d544', 'Джон Рис-Дэвис', 'John Rhys-Davies', '/actors/pic66.png', 185, '1944-05-05', NULL, 'Телец', 'Солсбери, Англия', 'Женат'),
('c47fc10b-58cc-0372-8567-0e02b2c3d546', 'Хейли Джоэл Осмент', 'Haley Joel Osment', '/actors/pic67.png', 170, '1988-04-10', NULL, 'Овен', 'Лос-Анджелес, Калифорния, США', 'Не женат'),
('d47fc10b-58cc-0372-8567-0e02b2c3d547', 'Тони Коллетт', 'Toni Collette', '/actors/pic68.png', 169, '1972-11-01', NULL, 'Скорпион', 'Глейб, Австралия', 'Замужем'),
('e47fc10b-58cc-0372-8567-0e02b2c3d548', 'Сильвестр Сталлоне', 'Sylvester Stallone', '/actors/pic69.png', 178, '1946-07-06', NULL, 'Рак', 'Нью-Йорк, США', 'Женат'),
('f47fc10b-58cc-0372-8567-0e02b2c3d549', 'Талия Шайр', 'Talia Shire', '/actors/pic70.png', 160, '1946-04-25', NULL, 'Телец', 'Лейк-Саксесс, Нью-Йорк, США', 'Замужем'),
('0480c10b-58cc-0372-8567-0e02b2c3d550', 'Берт Янг', 'Burt Young', '/actors/pic71.png', 175, '1940-04-30', '2023-10-08', 'Телец', 'Нью-Йорк, США', 'Был женат');


INSERT INTO actor_in_film (id, actor_id, film_id, character, description) VALUES
('f47ac10b-58cc-0372-8567-0e02b2c3d479', 'f47ac10b-58cc-0372-8567-0e02b2c3d479', 'f47ac10b-58cc-0372-8567-0e02b2c3d479', 'Филипп', 'Богатый аристократ, ставший инвалидом после несчастного случая'),
('6ba7b810-9dad-11d1-80b4-00c04fd430c8', '6ba7b810-9dad-11d1-80b4-00c04fd430c8', '6ba7b810-9dad-11d1-80b4-00c04fd430c8', 'Купер', 'Пилот и инженер, отправляющийся в космическую миссию для спасения человечества'),
('550e8400-e29b-41d4-a716-446655440000', '550e8400-e29b-41d4-a716-446655440000', '550e8400-e29b-41d4-a716-446655440000', 'Энди Дюфрейн', 'Банкир, несправедливо осужденный за убийство жены'),
('67e55044-10b1-426f-9247-bb680e5fe0c8', '67e55044-10b1-426f-9247-bb680e5fe0c8', '67e55044-10b1-426f-9247-bb680e5fe0c8', 'Рэймонд Смит', 'Правая рука главного героя, управляющий наркобизнесом'),
('c9bf9e57-1685-4c89-bafb-ff5af830be8a', 'c9bf9e57-1685-4c89-bafb-ff5af830be8a', 'c9bf9e57-1685-4c89-bafb-ff5af830be8a', 'Джон Коффи', 'Осужденный на смерть чернокожий мужчина с необычными способностями'),
('a3bb189e-8bf9-3888-9912-6c2d5c7c5b9a', 'a3bb189e-8bf9-3888-9912-6c2d5c7c5b9a', 'a3bb189e-8bf9-3888-9912-6c2d5c7c5b9a', 'Тедди Дэниелс', 'Следователь, расследующий исчезновение пациентки из психиатрической клиники'),
('1b9d6bcd-bbfd-4b2d-9b5d-ab8dfbbd4bed', '1b9d6bcd-bbfd-4b2d-9b5d-ab8dfbbd4bed', '1b9d6bcd-bbfd-4b2d-9b5d-ab8dfbbd4bed', 'Арагорн', 'Наследник трона Гондора, предводитель армии Запада'),
('9f4e7a7c-8c5a-4e5a-9f3e-6e8a9b9c8d7e', '9f4e7a7c-8c5a-4e5a-9f3e-6e8a9b9c8d7e', '9f4e7a7c-8c5a-4e5a-9f3e-6e8a9b9c8d7e', 'Форрест Гамп', 'Простой парень с низким IQ, ставший свидетелем ключевых событий американской истории'),
('3f7a5c2e-1e4a-4c8e-9e2a-7b8c9d0e1f2a', '3f7a5c2e-1e4a-4c8e-9e2a-7b8c9d0e1f2a', '3f7a5c2e-1e4a-4c8e-9e2a-7b8c9d0e1f2a', 'Терминатор T-800', 'Киборг-терминатор, запрограммированный на защиту Джона Коннора'),
('8e7c5a2b-4e1a-9c8e-2a7b-1c8d9e0f2a3b', '8e7c5a2b-4e1a-9c8e-2a7b-1c8d9e0f2a3b', '8e7c5a2b-4e1a-9c8e-2a7b-1c8d9e0f2a3b', 'Дон Ширли', 'Талантливый чернокожий пианист, гастролирующий по югу США'),
('5d4c3b2a-1e9f-8c7e-6a5b-4c3d2e1f0a9b', '5d4c3b2a-1e9f-8c7e-6a5b-4c3d2e1f0a9b', '5d4c3b2a-1e9f-8c7e-6a5b-4c3d2e1f0a9b', 'Фродо Бэггинс', 'Хоббит, несущий Кольцо Всевластия в Мордор'),
('2b3c4d5e-6f7a-8b9c-0d1e-2f3a4b5c6d7e', '2b3c4d5e-6f7a-8b9c-0d1e-2f3a4b5c6d7e', '2b3c4d5e-6f7a-8b9c-0d1e-2f3a4b5c6d7e', 'Тихиро Огино (озвучка)', 'Девочка, попадающая в мир духов и вынужденная работать в бане для богов'),
('9a8b7c6d-5e4f-3a2b-1c0d-9e8f7a6b5c4d', '9a8b7c6d-5e4f-3a2b-1c0d-9e8f7a6b5c4d', '9a8b7c6d-5e4f-3a2b-1c0d-9e8f7a6b5c4d', 'Тайлер Дёрден', 'Харизматичный анархист, основатель Бойцовского клуба'),
('4d5c6b7a-8e9f-0a1b-2c3d-4e5f6a7b8c9d', '4d5c6b7a-8e9f-0a1b-2c3d-4e5f6a7b8c9d', '4d5c6b7a-8e9f-0a1b-2c3d-4e5f6a7b8c9d', 'Максимус Децим Меридиус', 'Римский генерал, ставший гладиатором после предательства'),
('1a2b3c4d-5e6f-7a8b-9c0d-1e2f3a4b5c6d', '1a2b3c4d-5e6f-7a8b-9c0d-1e2f3a4b5c6d', '1a2b3c4d-5e6f-7a8b-9c0d-1e2f3a4b5c6d', 'Артур', 'Помощник Дома Кобба, специалист по исследованиям и планированию'),
('7e6d5c4b-3a2b-1c0d-9e8f-7a6b5c4d3e2f', '7e6d5c4b-3a2b-1c0d-9e8f-7a6b5c4d3e2f', '7e6d5c4b-3a2b-1c0d-9e8f-7a6b5c4d3e2f', 'Винсент Вега', 'Наемный убийца, философствующий о мелочах жизни'),
('3e4d5c6b-7a8b-9c0d-1e2f-3a4b5c6d7e8f', '3e4d5c6b-7a8b-9c0d-1e2f-3a4b5c6d7e8f', '3e4d5c6b-7a8b-9c0d-1e2f-3a4b5c6d7e8f', 'Ретт Батлер', 'Циничный авантюрист, влюбленный в Скарлетт О''Хару'),
('8f7e6d5c-4b3a-2b1c-0d9e-8f7a6b5c4d3e', '8f7e6d5c-4b3a-2b1c-0d9e-8f7a6b5c4d3e', '8f7e6d5c-4b3a-2b1c-0d9e-8f7a6b5c4d3e', 'Сэмуайз Гэмджи', 'Верный спутник Фродо, повар и садовник'),
('5f4e3d2c-1b0a-9e8d-7c6b-5a4b3c2d1e0f', '5f4e3d2c-1b0a-9e8d-7c6b-5a4b3c2d1e0f', '5f4e3d2c-1b0a-9e8d-7c6b-5a4b3c2d1e0f', 'Мартин Брест', 'Терминально больной мужчина, сбегающий из больницы для последнего приключения'),
('2d3e4f5a-6b7c-8d9e-0f1a-2b3c4d5e6f7a', '2d3e4f5a-6b7c-8d9e-0f1a-2b3c4d5e6f7a', '2d3e4f5a-6b7c-8d9e-0f1a-2b3c4d5e6f7a', 'Леон', 'Профессиональный убийца, берущий под опеку девочку-сироту'),
('9e8d7c6b-5a4b-3c2d-1e0f-9a8b7c6d5e4f', '9e8d7c6b-5a4b-3c2d-1e0f-9a8b7c6d5e4f', '9e8d7c6b-5a4b-3c2d-1e0f-9a8b7c6d5e4f', 'Шурик', 'Студент, попадающий в комичные ситуации'),
('4c5d6e7f-8a9b-0c1d-2e3f-4a5b6c7d8e9f', '4c5d6e7f-8a9b-0c1d-2e3f-4a5b6c7d8e9f', '4c5d6e7f-8a9b-0c1d-2e3f-4a5b6c7d8e9f', 'Оскар Шиндлер', 'Немецкий промышленник, спасающий евреев во время Холокоста'),
('1d2e3f4a-5b6c-7d8e-9f0a-1b2c3d4e5f6a', '1d2e3f4a-5b6c-7d8e-9f0a-1b2c3d4e5f6a', '1d2e3f4a-5b6c-7d8e-9f0a-1b2c3d4e5f6a', 'Тоська', 'Веселая и энергичная работница лесоповала'),
('6e7f8a9b-0c1d-2e3f-4a5b-6c7d8e9f0a1b', '6e7f8a9b-0c1d-2e3f-4a5b-6c7d8e9f0a1b', '6e7f8a9b-0c1d-2e3f-4a5b-6c7d8e9f0a1b', 'Брюс Уэйн / Бэтмен', 'Миллиардер, борющийся с преступностью в Готэме'),
('3f4a5b6c-7d8e-9f0a-1b2c-3d4e5f6a7b8c', '3f4a5b6c-7d8e-9f0a-1b2c-3d4e5f6a7b8c', '3f4a5b6c-7d8e-9f0a-1b2c-3d4e5f6a7b8c', 'Мигель (озвучка)', 'Мальчик, мечтающий стать музыкантом вопреки запретам семьи'),
('8a9b0c1d-2e3f-4a5b-6c7d-8e9f0a1b2c3d', '8a9b0c1d-2e3f-4a5b-6c7d-8e9f0a1b2c3d', '8a9b0c1d-2e3f-4a5b-6c7d-8e9f0a1b2c3d', 'Семен Семеныч Горбунков', 'Советский служащий, по ошибке принятый за контрабандиста'),
('5b6c7d8e-9f0a-1b2c-3d4e-5f6a7b8c9d0e', '5b6c7d8e-9f0a-1b2c-3d4e-5f6a7b8c9d0e', '5b6c7d8e-9f0a-1b2c-3d4e-5f6a7b8c9d0e', 'Данила Багров', 'Демобилизованный солдат, приехавший в Петербург к брату'),
('2c3d4e5f-6a7b-8c9d-0e1f-2a3b4c5d6e7f', '2c3d4e5f-6a7b-8c9d-0e1f-2a3b4c5d6e7f', '2c3d4e5f-6a7b-8c9d-0e1f-2a3b4c5d6e7f', 'Михаил', 'Брат Данилы, вовлеченный в криминальные дела'),
('9d0e1f2a-3b4c-5d6e-7f8a-9b0c1d2e3f4a', '9d0e1f2a-3b4c-5d6e-7f8a-9b0c1d2e3f4a', '9d0e1f2a-3b4c-5d6e-7f8a-9b0c1d2e3f4a', 'Профессор Преображенский', 'Гениальный хирург, проводящий эксперимент по очеловечиванию собаки'),
('4e5f6a7b-8c9d-0e1f-2a3b-4c5d6e7f8a9b', '4e5f6a7b-8c9d-0e1f-2a3b-4c5d6e7f8a9b', '4e5f6a7b-8c9d-0e1f-2a3b-4c5d6e7f8a9b', 'Корбен Даллас', 'Бывший военный, таксист, ставший защитником Пятого элемента'),
('1f2a3b4c-5d6e-7f8a-9b0c-1d2e3f4a5b6c', '1f2a3b4c-5d6e-7f8a-9b0c-1d2e3f4a5b6c', '1f2a3b4c-5d6e-7f8a-9b0c-1d2e3f4a5b6c', 'Дон Вито Корлеоне', 'Глава мафиозной семьи Корлеоне'),
('6a7b8c9d-0e1f-2a3b-4c5d-6e7f8a9b0c1d', '6a7b8c9d-0e1f-2a3b-4c5d-6e7f8a9b0c1d', '6a7b8c9d-0e1f-2a3b-4c5d-6e7f8a9b0c1d', 'Махавир Сингх Фогат', 'Отец, тренирующий дочерей для становления чемпионками по борьбе'),
('3b4c5d6e-7f8a-9b0c-1d2e-3f4a5b6c7d8e', '3b4c5d6e-7f8a-9b0c-1d2e-3f4a5b6c7d8e', '3b4c5d6e-7f8a-9b0c-1d2e-3f4a5b6c7d8e', 'Турок', 'Подпольный боксерский менеджер, втянутый в ограбление'),
('8c9d0e1f-2a3b-4c5d-6e7f-8a9b0c1d2e3f', '8c9d0e1f-2a3b-4c5d-6e7f-8a9b0c1d2e3f', '8c9d0e1f-2a3b-4c5d-6e7f-8a9b0c1d2e3f', 'Шрэк (озвучка)', 'Большой зеленый огр, любящий уединение'),
('5d6e7f8a-9b0c-1d2e-3f4a-5b6c7d8e9f0a', '5d6e7f8a-9b0c-1d2e-3f4a-5b6c7d8e9f0a', '5d6e7f8a-9b0c-1d2e-3f4a-5b6c7d8e9f0a', 'Марти Макфлай', 'Подросток, случайно отправившийся в прошлое на машине времени'),
('2e3f4a5b-6c7d-8e9f-0a1b-2c3d4e5f6a7b', '2e3f4a5b-6c7d-8e9f-0a1b-2c3d4e5f6a7b', '2e3f4a5b-6c7d-8e9f-0a1b-2c3d4e5f6a7b', 'Роз (озвучка)', 'Робот, оказавшийся на необитаемом острове и научившийся выживать'),
('9f0a1b2c-3d4e-5f6a-7b8c-9d0e1f2a3b4c', '9f0a1b2c-3d4e-5f6a-7b8c-9d0e1f2a3b4c', '9f0a1b2c-3d4e-5f6a-7b8c-9d0e1f2a3b4c', 'Фрэнк Эбегнейл-старший', 'Отец главного героя, бизнесмен с финансовыми проблемами'),
('4a5b6c7d-8e9f-0a1b-2c3d-4e5f6a7b8c9d', '4a5b6c7d-8e9f-0a1b-2c3d-4e5f6a7b8c9d', '4a5b6c7d-8e9f-0a1b-2c3d-4e5f6a7b8c9d', 'Том', 'Карточный игрок, втянутый в опасную авантюру'),
('1b2c3d4e-5f6a-7b8c-9d0e-1f2a3b4c5d6e', '1b2c3d4e-5f6a-7b8c-9d0e-1f2a3b4c5d6e', '1b2c3d4e-5f6a-7b8c-9d0e-1f2a3b4c5d6e', 'Паркер Уилсон', 'Профессор, нашедший и приютивший собаку породы акита-ину'),
('6c7d8e9f-0a1b-2c3d-4e5f-6a7b8c9d0e1f', '6c7d8e9f-0a1b-2c3d-4e5f-6a7b8c9d0e1f', '6c7d8e9f-0a1b-2c3d-4e5f-6a7b8c9d0e1f', 'Нина', 'Спортсменка, похищенная для выкупа'),
('3d4e5f6a-7b8c-9d0e-1f2a-3b4c5d6e7f8a', '3d4e5f6a-7b8c-9d0e-1f2a-3b4c5d6e7f8a', '3d4e5f6a-7b8c-9d0e-1f2a-3b4c5d6e7f8a', 'Нил Оливер', 'Молодой юрист, отправляющийся в путешествие по загадочной трассе'),
('8e9f0a1b-2c3d-4e5f-6a7b-8c9d0e1f2a3b', '8e9f0a1b-2c3d-4e5f-6a7b-8c9d0e1f2a3b', '8e9f0a1b-2c3d-4e5f-6a7b-8c9d0e1f2a3b', 'Роза Дьюитт Бьюкейтер', 'Молодая аристократка, влюбляющаяся в пассажира третьего класса'),
('5e6f7a8b-9c0d-1e2f-3a4b-5c6d7e8f9a0b', '5e6f7a8b-9c0d-1e2f-3a4b-5c6d7e8f9a0b', '5e6f7a8b-9c0d-1e2f-3a4b-5c6d7e8f9a0b', 'Нео / Томас Андерсон', 'Программист, узнающий правду о Матрице и становящийся Избранным'),
('2f3a4b5c-6d7e-8f9a-0b1c-2d3e4f5a6b7c', '2f3a4b5c-6d7e-8f9a-0b1c-2d3e4f5a6b7c', '2f3a4b5c-6d7e-8f9a-0b1c-2d3e4f5a6b7c', 'Гарри Поттер', 'Мальчик-волшебник, узнающий о своей магической природе'),
('9a0b1c2d-3e4f-5a6b-7c8d-9e0f1a2b3c4d', '9a0b1c2d-3e4f-5a6b-7c8d-9e0f1a2b3c4d', '9a0b1c2d-3e4f-5a6b-7c8d-9e0f1a2b3c4d', 'Анатолий Блинов', 'Офицер СМЕРШ, расследующий деятельность немецких диверсантов'),
('4b5c6d7e-8f9a-0b1c-2d3e-4f5a6b7c8d9e', '4b5c6d7e-8f9a-0b1c-2d3e-4f5a6b7c8d9e', '4b5c6d7e-8f9a-0b1c-2d3e-4f5a6b7c8d9e', 'Старшина Федот Васков', 'Командир зенитной батареи, возглавляющий отряд девушек-зенитчиц'),
('1c2d3e4f-5a6b-7c8d-9e0f-1a2b3c4d5e6f', '1c2d3e4f-5a6b-7c8d-9e0f-1a2b3c4d5e6f', '1c2d3e4f-5a6b-7c8d-9e0f-1a2b3c4d5e6f', 'Владислав Шпильман', 'Польско-еврейский пианист, переживающий Варшавское гетто'),
('6d7e8f9a-0b1c-2d3e-4f5a-6b7c8d9e0f1a', '6d7e8f9a-0b1c-2d3e-4f5a-6b7c8d9e0f1a', '6d7e8f9a-0b1c-2d3e-4f5a-6b7c8d9e0f1a', 'Флера', 'Подросток, становящийся свидетелем ужасов войны в Белоруссии'),
('3e4f5a6b-7c8d-9e0f-1a2b-3c4d5e6f7a8b', '3e4f5a6b-7c8d-9e0f-1a2b-3c4d5e6f7a8b', '3e4f5a6b-7c8d-9e0f-1a2b-3c4d5e6f7a8b', 'Джанго', 'Освобожденный раб, ставший охотником за головами'),
('8f9a0b1c-2d3e-4f5a-6b7c-8d9e0f1a2b3c', '8f9a0b1c-2d3e-4f5a-6b7c-8d9e0f1a2b3c', '8f9a0b1c-2d3e-4f5a-6b7c-8d9e0f1a2b3c', 'Пол Атрейдес', 'Наследник дома Атрейдес, становящийся мессией фрименов'),
('a3bb189e-8bf9-3888-9912-6c2d5c7c5b9b', 'a3bb189e-8bf9-3888-9912-6c2d5c7c5b9a', '9f0a1b2c-3d4e-5f6a-7b8c-9d0e1f2a3b4c', 'Фрэнк Эбегнейл-младший', 'Молодой мошенник, выдающий себя за пилота, врача и адвоката'),
('a3bb189e-8bf9-3888-9912-6c2d5c7c5b9c', 'a3bb189e-8bf9-3888-9912-6c2d5c7c5b9a', '8e9f0a1b-2c3d-4e5f-6a7b-8c9d0e1f2a3b', 'Джек Доусон', 'Художник-самоучка, влюбляющийся в пассажирку первого класса на Титанике'),
('a3bb189e-8bf9-3888-9912-6c2d5c7c5b9d', 'a3bb189e-8bf9-3888-9912-6c2d5c7c5b9a', '1a2b3c4d-5e6f-7a8b-9c0d-1e2f3a4b5c6d', 'Дом Кобб', 'Вор, специализирующийся на краже идей из подсознания людей через сны'),
('9f4e7a7c-8c5a-4e5a-9f3e-6e8a9b9c8d7f', '9f4e7a7c-8c5a-4e5a-9f3e-6e8a9b9c8d7e', '9f0a1b2c-3d4e-5f6a-7b8c-9d0e1f2a3b4c', 'Карл Хэнрэти', 'Агент ФБР, преследующий молодого мошенника'),
('1b9d6bcd-bbfd-4b2d-9b5d-ab8dfbbd4bef', '1b9d6bcd-bbfd-4b2d-9b5d-ab8dfbbd4bed', '8e7c5a2b-4e1a-9c8e-2a7b-1c8d9e0f2a3b', 'Тони Лип', 'Вышибала итальянского происхождения, работающий водителем у чернокожего пианиста'),
('1b9d6bcd-bbfd-4b2d-9b5d-ab8dfbbd4be1', '1b9d6bcd-bbfd-4b2d-9b5d-ab8dfbbd4bed', '5d4c3b2a-1e9f-8c7e-6a5b-4c3d2e1f0a9b', 'Арагорн', 'Следопыт, наследник трона Гондора'),
('1b9d6bcd-bbfd-4b2d-9b5d-ab8dfbbd4be2', '1b9d6bcd-bbfd-4b2d-9b5d-ab8dfbbd4bed', '8f7e6d5c-4b3a-2b1c-0d9e-8f7a6b5c4d3e', 'Арагорн', 'Предводитель отряда, защищающего Рохан от армии Сарумана'),
('5d4c3b2a-1e9f-8c7e-6a5b-4c3d2e1f0a91', '5d4c3b2a-1e9f-8c7e-6a5b-4c3d2e1f0a9b', '8f7e6d5c-4b3a-2b1c-0d9e-8f7a6b5c4d3e', 'Фродо Бэггинс', 'Хоббит, продолжающий нести Кольцо Всевластия в Мордор'),
('5d4c3b2a-1e9f-8c7e-6a5b-4c3d2e1f0a92', '5d4c3b2a-1e9f-8c7e-6a5b-4c3d2e1f0a9b', '1b9d6bcd-bbfd-4b2d-9b5d-ab8dfbbd4bed', 'Фродо Бэггинс', 'Хоббит, завершающий свою миссию по уничтожению Кольца'),
('8f7e6d5c-4b3a-2b1c-0d9e-8f7a6b5c4d31', '8f7e6d5c-4b3a-2b1c-0d9e-8f7a6b5c4d3e', '5d4c3b2a-1e9f-8c7e-6a5b-4c3d2e1f0a9b', 'Сэмуайз Гэмджи', 'Верный спутник Фродо, повар и садовник'),
('8f7e6d5c-4b3a-2b1c-0d9e-8f7a6b5c4d32', '8f7e6d5c-4b3a-2b1c-0d9e-8f7a6b5c4d3e', '1b9d6bcd-bbfd-4b2d-9b5d-ab8dfbbd4bed', 'Сэмуайз Гэмджи', 'Верный друг Фродо, помогающий ему донести Кольцо до Роковой горы'),
('9e8d7c6b-5a4b-3c2d-1e0f-9a8b7c6d5e41', '9e8d7c6b-5a4b-3c2d-1e0f-9a8b7c6d5e4f', '6c7d8e9f-0a1b-2c3d-4e5f-6a7b8c9d0e1f', 'Шурик', 'Студент, отправляющийся в экспедицию на Кавказ'),
('8a9b0c1d-2e3f-4a5b-6c7d-8e9f0a1b2c31', '8a9b0c1d-2e3f-4a5b-6c7d-8e9f0a1b2c3d', '9e8d7c6b-5a4b-3c2d-1e0f-9a8b7c6d5e4f', 'Балбес', 'Один из трех незадачливых жуликов'),
('8a9b0c1d-2e3f-4a5b-6c7d-8e9f0a1b2c32', '8a9b0c1d-2e3f-4a5b-6c7d-8e9f0a1b2c3d', '6c7d8e9f-0a1b-2c3d-4e5f-6a7b8c9d0e1f', 'Балбес', 'Один из трех похитителей'),
('6e7f8a9b-0c1d-2e3f-4a5b-6c7d8e9f0a11', '6e7f8a9b-0c1d-2e3f-4a5b-6c7d8e9f0a1b', '1a2b3c4d-5e6f-7a8b-9c0d-1e2f3a4b5c6d', 'Роберт Фишер', 'Наследник бизнес-империи, чье подсознание становится целью команды Кобба'),
('3b4c5d6e-7f8a-9b0c-1d2e-3f4a5b6c7d81', '3b4c5d6e-7f8a-9b0c-1d2e-3f4a5b6c7d8e', '4a5b6c7d-8e9f-0a1b-2c3d-4e5f6a7b8c9d', 'Бэкон', 'Торговец наркотиками, втянутый в ограбление'),
('5b6c7d8e-9f0a-1b2c-3d4e-5f6a7b8c9d01', '5b6c7d8e-9f0a-1b2c-3d4e-5f6a7b8c9d0e', '2c3d4e5f-6a7b-8c9d-0e1f-2a3b4c5d6e7f', 'Данила Багров', 'Герой, отправляющийся в Америку спасать друга'),
('9f4e7a7c-8c5a-4e5a-9f3e-6e8a9b9c8d71', '9f4e7a7c-8c5a-4e5a-9f3e-6e8a9b9c8d7e', 'c9bf9e57-1685-4c89-bafb-ff5af830be8a', 'Пол Эджкомб', 'Надзиратель блока смертников в тюрьме "Холодная гора"'),
('a47ec10b-58cc-0372-8567-0e02b2c3d528', 'a47ec10b-58cc-0372-8567-0e02b2c3d528', 'a7b8c9d0-1e2f-3a4b-5c6d-7e8f9a0b1c2d', 'Премьер-министр', 'Премьер-министр Великобритании'),
('b47ec10b-58cc-0372-8567-0e02b2c3d529', 'b47ec10b-58cc-0372-8567-0e02b2c3d529', 'a7b8c9d0-1e2f-3a4b-5c6d-7e8f9a0b1c2d', 'Джульет', 'Невеста Питера'),
('d47ec10b-58cc-0372-8567-0e02b2c3d531', 'd47ec10b-58cc-0372-8567-0e02b2c3d531', 'b8c9d0e1-2f3a-4b5c-6d7e-8f9a0b1c2d3e', 'Кевин МакКалистер', 'Главный герой'),
('e47ec10b-58cc-0372-8567-0e02b2c3d532', 'e47ec10b-58cc-0372-8567-0e02b2c3d532', 'b8c9d0e1-2f3a-4b5c-6d7e-8f9a0b1c2d3e', 'Гарри Лайм', 'Грабитель'),
('f47ec10b-58cc-0372-8567-0e02b2c3d533', 'f47ec10b-58cc-0372-8567-0e02b2c3d533', 'b8c9d0e1-2f3a-4b5c-6d7e-8f9a0b1c2d3e', 'Марв Мерчантс', 'Грабитель'),
('047fc10b-58cc-0372-8567-0e02b2c3d534', '047fc10b-58cc-0372-8567-0e02b2c3d534', 'd0e1f2a3-4b5c-6d7e-8f9a-0b1c2d3e4f5a', 'Джек Торренс', 'Писатель'),
('147fc10b-58cc-0372-8567-0e02b2c3d535', '147fc10b-58cc-0372-8567-0e02b2c3d535', 'd0e1f2a3-4b5c-6d7e-8f9a-0b1c2d3e4f5a', 'Венди Торренс', 'Жена Джека'),
('247fc10b-58cc-0372-8567-0e02b2c3d536', '247fc10b-58cc-0372-8567-0e02b2c3d536', 'd0e1f2a3-4b5c-6d7e-8f9a-0b1c2d3e4f5a', 'Дэнни Торренс', 'Сын'),
('547fc10b-58cc-0372-8567-0e02b2c3d539', '547fc10b-58cc-0372-8567-0e02b2c3d539', 'e5f6a7b8-9c0d-1e2f-3a4b-5c6d7e8f9a0b', 'Дон Локвуд', 'Актер'),
('647fc10b-58cc-0372-8567-0e02b2c3d540', '647fc10b-58cc-0372-8567-0e02b2c3d540', 'e5f6a7b8-9c0d-1e2f-3a4b-5c6d7e8f9a0b', 'Кэти Сельдон', 'Актриса'),
('747fc10b-58cc-0372-8567-0e02b2c3d541', '747fc10b-58cc-0372-8567-0e02b2c3d541', 'e5f6a7b8-9c0d-1e2f-3a4b-5c6d7e8f9a0b', 'Космо Браун', 'Друг Дона'),
('847fc10b-58cc-0372-8567-0e02b2c3d542', '847fc10b-58cc-0372-8567-0e02b2c3d542', 'f6a7b8c9-0d1e-2f3a-4b5c-6d7e8f9a0b1c', 'Индиана Джонс', 'Археолог'),
('947fc10b-58cc-0372-8567-0e02b2c3d543', '947fc10b-58cc-0372-8567-0e02b2c3d543', 'f6a7b8c9-0d1e-2f3a-4b5c-6d7e8f9a0b1c', 'Мэрион Рэйвенвуд', 'Подруга'),
('a47fc10b-58cc-0372-8567-0e02b2c3d544', 'a47fc10b-58cc-0372-8567-0e02b2c3d544', 'f6a7b8c9-0d1e-2f3a-4b5c-6d7e8f9a0b1c', 'Саллах', 'Помощник'),
('c47fc10b-58cc-0372-8567-0e02b2c3d546', 'c47fc10b-58cc-0372-8567-0e02b2c3d546', 'd4e5f6a7-8b9c-0d1e-2f3a-4b5c6d7e8f9a', 'Коул Сир', 'Мальчик'),
('d47fc10b-58cc-0372-8567-0e02b2c3d547', 'd47fc10b-58cc-0372-8567-0e02b2c3d547', 'd4e5f6a7-8b9c-0d1e-2f3a-4b5c6d7e8f9a', 'Линн Сир', 'Мать'),
('e47fc10b-58cc-0372-8567-0e02b2c3d548', 'e47fc10b-58cc-0372-8567-0e02b2c3d548', 'c9d0e1f2-3a4b-5c6d-7e8f-9a0b1c2d3e4f', 'Рокки Бальбоа', 'Боксер'),
('f47fc10b-58cc-0372-8567-0e02b2c3d549', 'f47fc10b-58cc-0372-8567-0e02b2c3d549', 'c9d0e1f2-3a4b-5c6d-7e8f-9a0b1c2d3e4f', 'Эдриен', 'Подруга'),
('0480c10b-58cc-0372-8567-0e02b2c3d550', '0480c10b-58cc-0372-8567-0e02b2c3d550', 'c9d0e1f2-3a4b-5c6d-7e8f-9a0b1c2d3e4f', 'Поли', 'Друг');